{"context":"NestFactory","level":"info","message":"Starting Nest application...","timestamp":"2025-07-03T13:05:09.206Z"}
{"context":"ModuleTokenFactory","level":"warn","message":"The module \"ClientsModule\" is taking 11.61ms to serialize, this may be caused by larger objects statically assigned to the module. More details: https://github.com/nestjs/nest/issues/12738","timestamp":"2025-07-03T13:05:09.219Z"}
{"context":"ModuleTokenFactory","level":"warn","message":"The module \"ClientsModule\" is taking 10.91ms to serialize, this may be caused by larger objects statically assigned to the module. More details: https://github.com/nestjs/nest/issues/12738","timestamp":"2025-07-03T13:05:09.237Z"}
{"context":"InstanceLoader","level":"info","message":"MicroserviceMonitoringModule dependencies initialized","timestamp":"2025-07-03T13:05:09.246Z"}
{"context":"InstanceLoader","level":"info","message":"ClientsModule dependencies initialized","timestamp":"2025-07-03T13:05:09.246Z"}
{"context":"InstanceLoader","level":"info","message":"ClientsModule dependencies initialized","timestamp":"2025-07-03T13:05:09.246Z"}
{"context":"InstanceLoader","level":"info","message":"ThrottlerModule dependencies initialized","timestamp":"2025-07-03T13:05:09.246Z"}
{"context":"InstanceLoader","level":"info","message":"TestModule dependencies initialized","timestamp":"2025-07-03T13:05:09.246Z"}
{"context":"InstanceLoader","level":"info","message":"HealthModule dependencies initialized","timestamp":"2025-07-03T13:05:09.246Z"}
{"context":"InstanceLoader","level":"info","message":"AuthModule dependencies initialized","timestamp":"2025-07-03T13:05:09.246Z"}
{"context":"InstanceLoader","level":"info","message":"AppModule dependencies initialized","timestamp":"2025-07-03T13:05:09.246Z"}
{"context":"RoutesResolver","level":"info","message":"MetricsController {/api/metrics}:","timestamp":"2025-07-03T13:05:09.295Z"}
{"context":"RouterExplorer","level":"info","message":"Mapped {/api/metrics, GET} route","timestamp":"2025-07-03T13:05:09.296Z"}
{"context":"RoutesResolver","level":"info","message":"HealthController {/api/health}:","timestamp":"2025-07-03T13:05:09.296Z"}
{"context":"RouterExplorer","level":"info","message":"Mapped {/api/health, GET} route","timestamp":"2025-07-03T13:05:09.296Z"}
{"context":"RouterExplorer","level":"info","message":"Mapped {/api/health/ready, GET} route","timestamp":"2025-07-03T13:05:09.296Z"}
{"context":"RouterExplorer","level":"info","message":"Mapped {/api/health/live, GET} route","timestamp":"2025-07-03T13:05:09.296Z"}
{"context":"RoutesResolver","level":"info","message":"TestController {/api/test}:","timestamp":"2025-07-03T13:05:09.296Z"}
{"context":"RouterExplorer","level":"info","message":"Mapped {/api/test/health, GET} route","timestamp":"2025-07-03T13:05:09.296Z"}
{"context":"RouterExplorer","level":"info","message":"Mapped {/api/test/security-headers, GET} route","timestamp":"2025-07-03T13:05:09.297Z"}
{"context":"RoutesResolver","level":"info","message":"AuthController {/api/auth}:","timestamp":"2025-07-03T13:05:09.297Z"}
{"context":"RouterExplorer","level":"info","message":"Mapped {/api/auth/register, POST} route","timestamp":"2025-07-03T13:05:09.297Z"}
{"context":"RouterExplorer","level":"info","message":"Mapped {/api/auth/login, POST} route","timestamp":"2025-07-03T13:05:09.297Z"}
{"date":"Thu Jul 03 2025 18:05:09 GMT+0500 (Узбекистан, стандартное время)","error":{},"level":"error","message":"unhandledRejection: Invalid metric name\nError: Invalid metric name\n    at new Metric (/Users/sherzod/my_projects/Decorify/Decorify/node_modules/prom-client/lib/metric.js:37:10)\n    at new Counter (/Users/sherzod/my_projects/Decorify/Decorify/node_modules/prom-client/lib/counter.js:20:3)\n    at module.exports (/Users/sherzod/my_projects/Decorify/Decorify/node_modules/prom-client/lib/metrics/processCpuTotal.js:19:30)\n    at collectDefaultMetrics (/Users/sherzod/my_projects/Decorify/Decorify/node_modules/prom-client/lib/defaultMetrics.js:47:3)\n    at MetricsService.onModuleInit (/Users/sherzod/my_projects/Decorify/Decorify/dist/apps/api-gateway/main.js:747:49)\n    at MapIterator.iteratee (/Users/sherzod/my_projects/Decorify/Decorify/node_modules/@nestjs/core/hooks/on-module-init.hook.js:22:43)\n    at MapIterator.next (/Users/sherzod/my_projects/Decorify/Decorify/node_modules/iterare/src/map.ts:9:39)\n    at IteratorWithOperators.next (/Users/sherzod/my_projects/Decorify/Decorify/node_modules/iterare/src/iterate.ts:19:28)\n    at Array.from (<anonymous>)\n    at IteratorWithOperators.toArray (/Users/sherzod/my_projects/Decorify/Decorify/node_modules/iterare/src/iterate.ts:227:22)","os":{"loadavg":[3.38427734375,3.31201171875,2.8173828125],"uptime":984187},"process":{"argv":["/opt/homebrew/Cellar/node/24.2.0/bin/node","/Users/sherzod/my_projects/Decorify/Decorify/node_modules/@nx/js/src/executors/node/node-with-require-overrides"],"cwd":"/Users/sherzod/my_projects/Decorify/Decorify","execPath":"/opt/homebrew/Cellar/node/24.2.0/bin/node","gid":20,"memoryUsage":{"arrayBuffers":60227,"external":2764059,"heapTotal":62717952,"heapUsed":40417032,"rss":148176896},"pid":32025,"uid":501,"version":"v24.2.0"},"rejection":true,"stack":"Error: Invalid metric name\n    at new Metric (/Users/sherzod/my_projects/Decorify/Decorify/node_modules/prom-client/lib/metric.js:37:10)\n    at new Counter (/Users/sherzod/my_projects/Decorify/Decorify/node_modules/prom-client/lib/counter.js:20:3)\n    at module.exports (/Users/sherzod/my_projects/Decorify/Decorify/node_modules/prom-client/lib/metrics/processCpuTotal.js:19:30)\n    at collectDefaultMetrics (/Users/sherzod/my_projects/Decorify/Decorify/node_modules/prom-client/lib/defaultMetrics.js:47:3)\n    at MetricsService.onModuleInit (/Users/sherzod/my_projects/Decorify/Decorify/dist/apps/api-gateway/main.js:747:49)\n    at MapIterator.iteratee (/Users/sherzod/my_projects/Decorify/Decorify/node_modules/@nestjs/core/hooks/on-module-init.hook.js:22:43)\n    at MapIterator.next (/Users/sherzod/my_projects/Decorify/Decorify/node_modules/iterare/src/map.ts:9:39)\n    at IteratorWithOperators.next (/Users/sherzod/my_projects/Decorify/Decorify/node_modules/iterare/src/iterate.ts:19:28)\n    at Array.from (<anonymous>)\n    at IteratorWithOperators.toArray (/Users/sherzod/my_projects/Decorify/Decorify/node_modules/iterare/src/iterate.ts:227:22)","timestamp":"2025-07-03T13:05:09.302Z","trace":[{"column":10,"file":"/Users/sherzod/my_projects/Decorify/Decorify/node_modules/prom-client/lib/metric.js","function":"new Metric","line":37,"method":null,"native":false},{"column":3,"file":"/Users/sherzod/my_projects/Decorify/Decorify/node_modules/prom-client/lib/counter.js","function":"new Counter","line":20,"method":null,"native":false},{"column":30,"file":"/Users/sherzod/my_projects/Decorify/Decorify/node_modules/prom-client/lib/metrics/processCpuTotal.js","function":"module.exports","line":19,"method":"exports","native":false},{"column":3,"file":"/Users/sherzod/my_projects/Decorify/Decorify/node_modules/prom-client/lib/defaultMetrics.js","function":"collectDefaultMetrics","line":47,"method":null,"native":false},{"column":49,"file":"/Users/sherzod/my_projects/Decorify/Decorify/dist/apps/api-gateway/main.js","function":"MetricsService.onModuleInit","line":747,"method":"onModuleInit","native":false},{"column":43,"file":"/Users/sherzod/my_projects/Decorify/Decorify/node_modules/@nestjs/core/hooks/on-module-init.hook.js","function":"MapIterator.iteratee","line":22,"method":"iteratee","native":false},{"column":39,"file":"/Users/sherzod/my_projects/Decorify/Decorify/node_modules/iterare/src/map.ts","function":"MapIterator.next","line":9,"method":"next","native":false},{"column":28,"file":"/Users/sherzod/my_projects/Decorify/Decorify/node_modules/iterare/src/iterate.ts","function":"IteratorWithOperators.next","line":19,"method":"next","native":false},{"column":null,"file":null,"function":"Array.from","line":null,"method":"from","native":false},{"column":22,"file":"/Users/sherzod/my_projects/Decorify/Decorify/node_modules/iterare/src/iterate.ts","function":"IteratorWithOperators.toArray","line":227,"method":"toArray","native":false}]}
{"context":"NestFactory","level":"info","message":"Starting Nest application...","timestamp":"2025-07-03T13:05:19.882Z"}
{"context":"ModuleTokenFactory","level":"warn","message":"The module \"ClientsModule\" is taking 11.12ms to serialize, this may be caused by larger objects statically assigned to the module. More details: https://github.com/nestjs/nest/issues/12738","timestamp":"2025-07-03T13:05:19.894Z"}
{"context":"ModuleTokenFactory","level":"warn","message":"The module \"ClientsModule\" is taking 11.29ms to serialize, this may be caused by larger objects statically assigned to the module. More details: https://github.com/nestjs/nest/issues/12738","timestamp":"2025-07-03T13:05:19.913Z"}
{"context":"InstanceLoader","level":"info","message":"MicroserviceMonitoringModule dependencies initialized","timestamp":"2025-07-03T13:05:19.921Z"}
{"context":"InstanceLoader","level":"info","message":"ClientsModule dependencies initialized","timestamp":"2025-07-03T13:05:19.921Z"}
{"context":"InstanceLoader","level":"info","message":"ClientsModule dependencies initialized","timestamp":"2025-07-03T13:05:19.921Z"}
{"context":"InstanceLoader","level":"info","message":"ThrottlerModule dependencies initialized","timestamp":"2025-07-03T13:05:19.921Z"}
{"context":"InstanceLoader","level":"info","message":"TestModule dependencies initialized","timestamp":"2025-07-03T13:05:19.921Z"}
{"context":"InstanceLoader","level":"info","message":"HealthModule dependencies initialized","timestamp":"2025-07-03T13:05:19.921Z"}
{"context":"InstanceLoader","level":"info","message":"AuthModule dependencies initialized","timestamp":"2025-07-03T13:05:19.921Z"}
{"context":"InstanceLoader","level":"info","message":"AppModule dependencies initialized","timestamp":"2025-07-03T13:05:19.921Z"}
{"context":"RoutesResolver","level":"info","message":"MetricsController {/api/metrics}:","timestamp":"2025-07-03T13:05:19.967Z"}
{"context":"RouterExplorer","level":"info","message":"Mapped {/api/metrics, GET} route","timestamp":"2025-07-03T13:05:19.968Z"}
{"context":"RoutesResolver","level":"info","message":"HealthController {/api/health}:","timestamp":"2025-07-03T13:05:19.968Z"}
{"context":"RouterExplorer","level":"info","message":"Mapped {/api/health, GET} route","timestamp":"2025-07-03T13:05:19.968Z"}
{"context":"RouterExplorer","level":"info","message":"Mapped {/api/health/ready, GET} route","timestamp":"2025-07-03T13:05:19.968Z"}
{"context":"RouterExplorer","level":"info","message":"Mapped {/api/health/live, GET} route","timestamp":"2025-07-03T13:05:19.969Z"}
{"context":"RoutesResolver","level":"info","message":"TestController {/api/test}:","timestamp":"2025-07-03T13:05:19.969Z"}
{"context":"RouterExplorer","level":"info","message":"Mapped {/api/test/health, GET} route","timestamp":"2025-07-03T13:05:19.969Z"}
{"context":"RouterExplorer","level":"info","message":"Mapped {/api/test/security-headers, GET} route","timestamp":"2025-07-03T13:05:19.969Z"}
{"context":"RoutesResolver","level":"info","message":"AuthController {/api/auth}:","timestamp":"2025-07-03T13:05:19.969Z"}
{"context":"RouterExplorer","level":"info","message":"Mapped {/api/auth/register, POST} route","timestamp":"2025-07-03T13:05:19.969Z"}
{"context":"RouterExplorer","level":"info","message":"Mapped {/api/auth/login, POST} route","timestamp":"2025-07-03T13:05:19.969Z"}
{"date":"Thu Jul 03 2025 18:05:19 GMT+0500 (Узбекистан, стандартное время)","error":{},"level":"error","message":"unhandledRejection: Invalid metric name\nError: Invalid metric name\n    at new Metric (/Users/sherzod/my_projects/Decorify/Decorify/node_modules/prom-client/lib/metric.js:37:10)\n    at new Counter (/Users/sherzod/my_projects/Decorify/Decorify/node_modules/prom-client/lib/counter.js:20:3)\n    at module.exports (/Users/sherzod/my_projects/Decorify/Decorify/node_modules/prom-client/lib/metrics/processCpuTotal.js:19:30)\n    at collectDefaultMetrics (/Users/sherzod/my_projects/Decorify/Decorify/node_modules/prom-client/lib/defaultMetrics.js:47:3)\n    at MetricsService.onModuleInit (/Users/sherzod/my_projects/Decorify/Decorify/dist/apps/api-gateway/main.js:754:49)\n    at MapIterator.iteratee (/Users/sherzod/my_projects/Decorify/Decorify/node_modules/@nestjs/core/hooks/on-module-init.hook.js:22:43)\n    at MapIterator.next (/Users/sherzod/my_projects/Decorify/Decorify/node_modules/iterare/src/map.ts:9:39)\n    at IteratorWithOperators.next (/Users/sherzod/my_projects/Decorify/Decorify/node_modules/iterare/src/iterate.ts:19:28)\n    at Array.from (<anonymous>)\n    at IteratorWithOperators.toArray (/Users/sherzod/my_projects/Decorify/Decorify/node_modules/iterare/src/iterate.ts:227:22)","os":{"loadavg":[3.1708984375,3.2685546875,2.8076171875],"uptime":984197},"process":{"argv":["/opt/homebrew/Cellar/node/24.2.0/bin/node","/Users/sherzod/my_projects/Decorify/Decorify/node_modules/@nx/js/src/executors/node/node-with-require-overrides"],"cwd":"/Users/sherzod/my_projects/Decorify/Decorify","execPath":"/opt/homebrew/Cellar/node/24.2.0/bin/node","gid":20,"memoryUsage":{"arrayBuffers":60227,"external":2764059,"heapTotal":62406656,"heapUsed":42682032,"rss":143704064},"pid":32093,"uid":501,"version":"v24.2.0"},"rejection":true,"stack":"Error: Invalid metric name\n    at new Metric (/Users/sherzod/my_projects/Decorify/Decorify/node_modules/prom-client/lib/metric.js:37:10)\n    at new Counter (/Users/sherzod/my_projects/Decorify/Decorify/node_modules/prom-client/lib/counter.js:20:3)\n    at module.exports (/Users/sherzod/my_projects/Decorify/Decorify/node_modules/prom-client/lib/metrics/processCpuTotal.js:19:30)\n    at collectDefaultMetrics (/Users/sherzod/my_projects/Decorify/Decorify/node_modules/prom-client/lib/defaultMetrics.js:47:3)\n    at MetricsService.onModuleInit (/Users/sherzod/my_projects/Decorify/Decorify/dist/apps/api-gateway/main.js:754:49)\n    at MapIterator.iteratee (/Users/sherzod/my_projects/Decorify/Decorify/node_modules/@nestjs/core/hooks/on-module-init.hook.js:22:43)\n    at MapIterator.next (/Users/sherzod/my_projects/Decorify/Decorify/node_modules/iterare/src/map.ts:9:39)\n    at IteratorWithOperators.next (/Users/sherzod/my_projects/Decorify/Decorify/node_modules/iterare/src/iterate.ts:19:28)\n    at Array.from (<anonymous>)\n    at IteratorWithOperators.toArray (/Users/sherzod/my_projects/Decorify/Decorify/node_modules/iterare/src/iterate.ts:227:22)","timestamp":"2025-07-03T13:05:19.973Z","trace":[{"column":10,"file":"/Users/sherzod/my_projects/Decorify/Decorify/node_modules/prom-client/lib/metric.js","function":"new Metric","line":37,"method":null,"native":false},{"column":3,"file":"/Users/sherzod/my_projects/Decorify/Decorify/node_modules/prom-client/lib/counter.js","function":"new Counter","line":20,"method":null,"native":false},{"column":30,"file":"/Users/sherzod/my_projects/Decorify/Decorify/node_modules/prom-client/lib/metrics/processCpuTotal.js","function":"module.exports","line":19,"method":"exports","native":false},{"column":3,"file":"/Users/sherzod/my_projects/Decorify/Decorify/node_modules/prom-client/lib/defaultMetrics.js","function":"collectDefaultMetrics","line":47,"method":null,"native":false},{"column":49,"file":"/Users/sherzod/my_projects/Decorify/Decorify/dist/apps/api-gateway/main.js","function":"MetricsService.onModuleInit","line":754,"method":"onModuleInit","native":false},{"column":43,"file":"/Users/sherzod/my_projects/Decorify/Decorify/node_modules/@nestjs/core/hooks/on-module-init.hook.js","function":"MapIterator.iteratee","line":22,"method":"iteratee","native":false},{"column":39,"file":"/Users/sherzod/my_projects/Decorify/Decorify/node_modules/iterare/src/map.ts","function":"MapIterator.next","line":9,"method":"next","native":false},{"column":28,"file":"/Users/sherzod/my_projects/Decorify/Decorify/node_modules/iterare/src/iterate.ts","function":"IteratorWithOperators.next","line":19,"method":"next","native":false},{"column":null,"file":null,"function":"Array.from","line":null,"method":"from","native":false},{"column":22,"file":"/Users/sherzod/my_projects/Decorify/Decorify/node_modules/iterare/src/iterate.ts","function":"IteratorWithOperators.toArray","line":227,"method":"toArray","native":false}]}
{"context":"NestFactory","level":"info","message":"Starting Nest application...","timestamp":"2025-07-03T13:06:31.949Z"}
{"context":"ModuleTokenFactory","level":"warn","message":"The module \"ClientsModule\" is taking 11.20ms to serialize, this may be caused by larger objects statically assigned to the module. More details: https://github.com/nestjs/nest/issues/12738","timestamp":"2025-07-03T13:06:31.961Z"}
{"context":"ModuleTokenFactory","level":"warn","message":"The module \"ClientsModule\" is taking 10.69ms to serialize, this may be caused by larger objects statically assigned to the module. More details: https://github.com/nestjs/nest/issues/12738","timestamp":"2025-07-03T13:06:31.978Z"}
{"context":"InstanceLoader","level":"info","message":"MicroserviceMonitoringModule dependencies initialized","timestamp":"2025-07-03T13:06:31.987Z"}
{"context":"InstanceLoader","level":"info","message":"ClientsModule dependencies initialized","timestamp":"2025-07-03T13:06:31.987Z"}
{"context":"InstanceLoader","level":"info","message":"ClientsModule dependencies initialized","timestamp":"2025-07-03T13:06:31.987Z"}
{"context":"InstanceLoader","level":"info","message":"ThrottlerModule dependencies initialized","timestamp":"2025-07-03T13:06:31.987Z"}
{"context":"InstanceLoader","level":"info","message":"TestModule dependencies initialized","timestamp":"2025-07-03T13:06:31.987Z"}
{"context":"InstanceLoader","level":"info","message":"HealthModule dependencies initialized","timestamp":"2025-07-03T13:06:31.987Z"}
{"context":"InstanceLoader","level":"info","message":"AuthModule dependencies initialized","timestamp":"2025-07-03T13:06:31.987Z"}
{"context":"InstanceLoader","level":"info","message":"AppModule dependencies initialized","timestamp":"2025-07-03T13:06:31.987Z"}
{"context":"RoutesResolver","level":"info","message":"MetricsController {/api/metrics}:","timestamp":"2025-07-03T13:06:32.029Z"}
{"context":"RouterExplorer","level":"info","message":"Mapped {/api/metrics, GET} route","timestamp":"2025-07-03T13:06:32.030Z"}
{"context":"RoutesResolver","level":"info","message":"HealthController {/api/health}:","timestamp":"2025-07-03T13:06:32.030Z"}
{"context":"RouterExplorer","level":"info","message":"Mapped {/api/health, GET} route","timestamp":"2025-07-03T13:06:32.030Z"}
{"context":"RouterExplorer","level":"info","message":"Mapped {/api/health/ready, GET} route","timestamp":"2025-07-03T13:06:32.030Z"}
{"context":"RouterExplorer","level":"info","message":"Mapped {/api/health/live, GET} route","timestamp":"2025-07-03T13:06:32.030Z"}
{"context":"RoutesResolver","level":"info","message":"TestController {/api/test}:","timestamp":"2025-07-03T13:06:32.030Z"}
{"context":"RouterExplorer","level":"info","message":"Mapped {/api/test/health, GET} route","timestamp":"2025-07-03T13:06:32.030Z"}
{"context":"RouterExplorer","level":"info","message":"Mapped {/api/test/security-headers, GET} route","timestamp":"2025-07-03T13:06:32.030Z"}
{"context":"RoutesResolver","level":"info","message":"AuthController {/api/auth}:","timestamp":"2025-07-03T13:06:32.030Z"}
{"context":"RouterExplorer","level":"info","message":"Mapped {/api/auth/register, POST} route","timestamp":"2025-07-03T13:06:32.030Z"}
{"context":"RouterExplorer","level":"info","message":"Mapped {/api/auth/login, POST} route","timestamp":"2025-07-03T13:06:32.030Z"}
{"date":"Thu Jul 03 2025 18:06:32 GMT+0500 (Узбекистан, стандартное время)","error":{},"level":"error","message":"unhandledRejection: Invalid metric name\nError: Invalid metric name\n    at new Metric (/Users/sherzod/my_projects/Decorify/Decorify/node_modules/prom-client/lib/metric.js:37:10)\n    at new Counter (/Users/sherzod/my_projects/Decorify/Decorify/node_modules/prom-client/lib/counter.js:20:3)\n    at module.exports (/Users/sherzod/my_projects/Decorify/Decorify/node_modules/prom-client/lib/metrics/processCpuTotal.js:19:30)\n    at collectDefaultMetrics (/Users/sherzod/my_projects/Decorify/Decorify/node_modules/prom-client/lib/defaultMetrics.js:47:3)\n    at MetricsService.onModuleInit (/Users/sherzod/my_projects/Decorify/Decorify/dist/apps/api-gateway/main.js:754:49)\n    at MapIterator.iteratee (/Users/sherzod/my_projects/Decorify/Decorify/node_modules/@nestjs/core/hooks/on-module-init.hook.js:22:43)\n    at MapIterator.next (/Users/sherzod/my_projects/Decorify/Decorify/node_modules/iterare/src/map.ts:9:39)\n    at IteratorWithOperators.next (/Users/sherzod/my_projects/Decorify/Decorify/node_modules/iterare/src/iterate.ts:19:28)\n    at Array.from (<anonymous>)\n    at IteratorWithOperators.toArray (/Users/sherzod/my_projects/Decorify/Decorify/node_modules/iterare/src/iterate.ts:227:22)","os":{"loadavg":[2.2744140625,2.95654296875,2.7255859375],"uptime":984270},"process":{"argv":["/opt/homebrew/Cellar/node/24.2.0/bin/node","/Users/sherzod/my_projects/Decorify/Decorify/node_modules/@nx/js/src/executors/node/node-with-require-overrides"],"cwd":"/Users/sherzod/my_projects/Decorify/Decorify","execPath":"/opt/homebrew/Cellar/node/24.2.0/bin/node","gid":20,"memoryUsage":{"arrayBuffers":60227,"external":2764059,"heapTotal":62717952,"heapUsed":40530920,"rss":143507456},"pid":32640,"uid":501,"version":"v24.2.0"},"rejection":true,"stack":"Error: Invalid metric name\n    at new Metric (/Users/sherzod/my_projects/Decorify/Decorify/node_modules/prom-client/lib/metric.js:37:10)\n    at new Counter (/Users/sherzod/my_projects/Decorify/Decorify/node_modules/prom-client/lib/counter.js:20:3)\n    at module.exports (/Users/sherzod/my_projects/Decorify/Decorify/node_modules/prom-client/lib/metrics/processCpuTotal.js:19:30)\n    at collectDefaultMetrics (/Users/sherzod/my_projects/Decorify/Decorify/node_modules/prom-client/lib/defaultMetrics.js:47:3)\n    at MetricsService.onModuleInit (/Users/sherzod/my_projects/Decorify/Decorify/dist/apps/api-gateway/main.js:754:49)\n    at MapIterator.iteratee (/Users/sherzod/my_projects/Decorify/Decorify/node_modules/@nestjs/core/hooks/on-module-init.hook.js:22:43)\n    at MapIterator.next (/Users/sherzod/my_projects/Decorify/Decorify/node_modules/iterare/src/map.ts:9:39)\n    at IteratorWithOperators.next (/Users/sherzod/my_projects/Decorify/Decorify/node_modules/iterare/src/iterate.ts:19:28)\n    at Array.from (<anonymous>)\n    at IteratorWithOperators.toArray (/Users/sherzod/my_projects/Decorify/Decorify/node_modules/iterare/src/iterate.ts:227:22)","timestamp":"2025-07-03T13:06:32.034Z","trace":[{"column":10,"file":"/Users/sherzod/my_projects/Decorify/Decorify/node_modules/prom-client/lib/metric.js","function":"new Metric","line":37,"method":null,"native":false},{"column":3,"file":"/Users/sherzod/my_projects/Decorify/Decorify/node_modules/prom-client/lib/counter.js","function":"new Counter","line":20,"method":null,"native":false},{"column":30,"file":"/Users/sherzod/my_projects/Decorify/Decorify/node_modules/prom-client/lib/metrics/processCpuTotal.js","function":"module.exports","line":19,"method":"exports","native":false},{"column":3,"file":"/Users/sherzod/my_projects/Decorify/Decorify/node_modules/prom-client/lib/defaultMetrics.js","function":"collectDefaultMetrics","line":47,"method":null,"native":false},{"column":49,"file":"/Users/sherzod/my_projects/Decorify/Decorify/dist/apps/api-gateway/main.js","function":"MetricsService.onModuleInit","line":754,"method":"onModuleInit","native":false},{"column":43,"file":"/Users/sherzod/my_projects/Decorify/Decorify/node_modules/@nestjs/core/hooks/on-module-init.hook.js","function":"MapIterator.iteratee","line":22,"method":"iteratee","native":false},{"column":39,"file":"/Users/sherzod/my_projects/Decorify/Decorify/node_modules/iterare/src/map.ts","function":"MapIterator.next","line":9,"method":"next","native":false},{"column":28,"file":"/Users/sherzod/my_projects/Decorify/Decorify/node_modules/iterare/src/iterate.ts","function":"IteratorWithOperators.next","line":19,"method":"next","native":false},{"column":null,"file":null,"function":"Array.from","line":null,"method":"from","native":false},{"column":22,"file":"/Users/sherzod/my_projects/Decorify/Decorify/node_modules/iterare/src/iterate.ts","function":"IteratorWithOperators.toArray","line":227,"method":"toArray","native":false}]}
{"context":"NestFactory","level":"info","message":"Starting Nest application...","timestamp":"2025-07-03T13:07:21.453Z"}
{"context":"ModuleTokenFactory","level":"warn","message":"The module \"ClientsModule\" is taking 11.70ms to serialize, this may be caused by larger objects statically assigned to the module. More details: https://github.com/nestjs/nest/issues/12738","timestamp":"2025-07-03T13:07:21.466Z"}
{"context":"ModuleTokenFactory","level":"warn","message":"The module \"ClientsModule\" is taking 11.59ms to serialize, this may be caused by larger objects statically assigned to the module. More details: https://github.com/nestjs/nest/issues/12738","timestamp":"2025-07-03T13:07:21.485Z"}
{"context":"InstanceLoader","level":"info","message":"ClientsModule dependencies initialized","timestamp":"2025-07-03T13:07:21.495Z"}
{"context":"InstanceLoader","level":"info","message":"ClientsModule dependencies initialized","timestamp":"2025-07-03T13:07:21.495Z"}
{"context":"InstanceLoader","level":"info","message":"ThrottlerModule dependencies initialized","timestamp":"2025-07-03T13:07:21.495Z"}
{"context":"InstanceLoader","level":"info","message":"TestModule dependencies initialized","timestamp":"2025-07-03T13:07:21.495Z"}
{"context":"InstanceLoader","level":"info","message":"AppModule dependencies initialized","timestamp":"2025-07-03T13:07:21.495Z"}
{"context":"InstanceLoader","level":"info","message":"HealthModule dependencies initialized","timestamp":"2025-07-03T13:07:21.495Z"}
{"context":"InstanceLoader","level":"info","message":"AuthModule dependencies initialized","timestamp":"2025-07-03T13:07:21.495Z"}
{"context":"RoutesResolver","level":"info","message":"HealthController {/api/health}:","timestamp":"2025-07-03T13:07:21.636Z"}
{"context":"RouterExplorer","level":"info","message":"Mapped {/api/health, GET} route","timestamp":"2025-07-03T13:07:21.637Z"}
{"context":"RouterExplorer","level":"info","message":"Mapped {/api/health/ready, GET} route","timestamp":"2025-07-03T13:07:21.637Z"}
{"context":"RouterExplorer","level":"info","message":"Mapped {/api/health/live, GET} route","timestamp":"2025-07-03T13:07:21.637Z"}
{"context":"RoutesResolver","level":"info","message":"TestController {/api/test}:","timestamp":"2025-07-03T13:07:21.637Z"}
{"context":"RouterExplorer","level":"info","message":"Mapped {/api/test/health, GET} route","timestamp":"2025-07-03T13:07:21.637Z"}
{"context":"RouterExplorer","level":"info","message":"Mapped {/api/test/security-headers, GET} route","timestamp":"2025-07-03T13:07:21.637Z"}
{"context":"RoutesResolver","level":"info","message":"AuthController {/api/auth}:","timestamp":"2025-07-03T13:07:21.637Z"}
{"context":"RouterExplorer","level":"info","message":"Mapped {/api/auth/register, POST} route","timestamp":"2025-07-03T13:07:21.637Z"}
{"context":"RouterExplorer","level":"info","message":"Mapped {/api/auth/login, POST} route","timestamp":"2025-07-03T13:07:21.638Z"}
{"context":"NestApplication","level":"info","message":"Nest application successfully started","timestamp":"2025-07-03T13:07:21.651Z"}
{"level":"info","message":"🚀 Application is running on: https://localhost:3000/api","timestamp":"2025-07-03T13:07:21.652Z"}
{"level":"info","message":"📚 API Documentation is available at: https://localhost:3000/docs","timestamp":"2025-07-03T13:07:21.652Z"}
{"level":"info","message":"🔒 HTTPS is ENABLED","timestamp":"2025-07-03T13:07:21.652Z"}
{"context":"NestFactory","level":"info","message":"Starting Nest application...","timestamp":"2025-07-03T13:07:36.923Z"}
{"context":"ModuleTokenFactory","level":"warn","message":"The module \"ClientsModule\" is taking 11.22ms to serialize, this may be caused by larger objects statically assigned to the module. More details: https://github.com/nestjs/nest/issues/12738","timestamp":"2025-07-03T13:07:36.936Z"}
{"context":"ModuleTokenFactory","level":"warn","message":"The module \"ClientsModule\" is taking 10.67ms to serialize, this may be caused by larger objects statically assigned to the module. More details: https://github.com/nestjs/nest/issues/12738","timestamp":"2025-07-03T13:07:36.953Z"}
{"context":"InstanceLoader","level":"info","message":"ClientsModule dependencies initialized","timestamp":"2025-07-03T13:07:36.961Z"}
{"context":"InstanceLoader","level":"info","message":"ClientsModule dependencies initialized","timestamp":"2025-07-03T13:07:36.961Z"}
{"context":"InstanceLoader","level":"info","message":"ThrottlerModule dependencies initialized","timestamp":"2025-07-03T13:07:36.961Z"}
{"context":"InstanceLoader","level":"info","message":"TestModule dependencies initialized","timestamp":"2025-07-03T13:07:36.961Z"}
{"context":"InstanceLoader","level":"info","message":"AppModule dependencies initialized","timestamp":"2025-07-03T13:07:36.962Z"}
{"context":"InstanceLoader","level":"info","message":"HealthModule dependencies initialized","timestamp":"2025-07-03T13:07:36.962Z"}
{"context":"InstanceLoader","level":"info","message":"AuthModule dependencies initialized","timestamp":"2025-07-03T13:07:36.962Z"}
{"context":"RoutesResolver","level":"info","message":"HealthController {/api/health}:","timestamp":"2025-07-03T13:07:37.041Z"}
{"context":"RouterExplorer","level":"info","message":"Mapped {/api/health, GET} route","timestamp":"2025-07-03T13:07:37.041Z"}
{"context":"RouterExplorer","level":"info","message":"Mapped {/api/health/ready, GET} route","timestamp":"2025-07-03T13:07:37.041Z"}
{"context":"RouterExplorer","level":"info","message":"Mapped {/api/health/live, GET} route","timestamp":"2025-07-03T13:07:37.042Z"}
{"context":"RoutesResolver","level":"info","message":"TestController {/api/test}:","timestamp":"2025-07-03T13:07:37.042Z"}
{"context":"RouterExplorer","level":"info","message":"Mapped {/api/test/health, GET} route","timestamp":"2025-07-03T13:07:37.042Z"}
{"context":"RouterExplorer","level":"info","message":"Mapped {/api/test/security-headers, GET} route","timestamp":"2025-07-03T13:07:37.042Z"}
{"context":"RoutesResolver","level":"info","message":"AuthController {/api/auth}:","timestamp":"2025-07-03T13:07:37.042Z"}
{"context":"RouterExplorer","level":"info","message":"Mapped {/api/auth/register, POST} route","timestamp":"2025-07-03T13:07:37.042Z"}
{"context":"RouterExplorer","level":"info","message":"Mapped {/api/auth/login, POST} route","timestamp":"2025-07-03T13:07:37.042Z"}
{"context":"NestApplication","level":"info","message":"Nest application successfully started","timestamp":"2025-07-03T13:07:37.054Z"}
{"context":"NestApplication","level":"error","message":"Error: listen EADDRINUSE: address already in use :::3000","stack":[null],"timestamp":"2025-07-03T13:07:37.055Z"}
{"date":"Thu Jul 03 2025 18:07:37 GMT+0500 (Узбекистан, стандартное время)","error":{"address":"::","code":"EADDRINUSE","errno":-48,"port":3000,"syscall":"listen"},"level":"error","message":"unhandledRejection: listen EADDRINUSE: address already in use :::3000\nError: listen EADDRINUSE: address already in use :::3000\n    at Server.setupListenHandle [as _listen2] (node:net:1940:16)\n    at listenInCluster (node:net:1997:12)\n    at Server.listen (node:net:2102:7)\n    at ExpressAdapter.listen (/Users/sherzod/my_projects/Decorify/Decorify/node_modules/@nestjs/platform-express/adapters/express-adapter.js:95:32)\n    at /Users/sherzod/my_projects/Decorify/Decorify/node_modules/@nestjs/core/nest-application.js:180:30\n    at new Promise (<anonymous>)\n    at NestApplication.listen (/Users/sherzod/my_projects/Decorify/Decorify/node_modules/@nestjs/core/nest-application.js:170:16)\n    at bootstrap (/Users/sherzod/my_projects/Decorify/Decorify/dist/apps/api-gateway/main.js:2263:5)","os":{"loadavg":[3.62451171875,3.1708984375,2.8193359375],"uptime":984335},"process":{"argv":["/opt/homebrew/Cellar/node/24.2.0/bin/node","/Users/sherzod/my_projects/Decorify/Decorify/node_modules/@nx/js/src/executors/node/node-with-require-overrides"],"cwd":"/Users/sherzod/my_projects/Decorify/Decorify","execPath":"/opt/homebrew/Cellar/node/24.2.0/bin/node","gid":20,"memoryUsage":{"arrayBuffers":60211,"external":2782487,"heapTotal":63176704,"heapUsed":42809880,"rss":143458304},"pid":33212,"uid":501,"version":"v24.2.0"},"rejection":true,"stack":"Error: listen EADDRINUSE: address already in use :::3000\n    at Server.setupListenHandle [as _listen2] (node:net:1940:16)\n    at listenInCluster (node:net:1997:12)\n    at Server.listen (node:net:2102:7)\n    at ExpressAdapter.listen (/Users/sherzod/my_projects/Decorify/Decorify/node_modules/@nestjs/platform-express/adapters/express-adapter.js:95:32)\n    at /Users/sherzod/my_projects/Decorify/Decorify/node_modules/@nestjs/core/nest-application.js:180:30\n    at new Promise (<anonymous>)\n    at NestApplication.listen (/Users/sherzod/my_projects/Decorify/Decorify/node_modules/@nestjs/core/nest-application.js:170:16)\n    at bootstrap (/Users/sherzod/my_projects/Decorify/Decorify/dist/apps/api-gateway/main.js:2263:5)","timestamp":"2025-07-03T13:07:37.056Z","trace":[{"column":16,"file":"node:net","function":"Server.setupListenHandle [as _listen2]","line":1940,"method":"setupListenHandle [as _listen2]","native":false},{"column":12,"file":"node:net","function":"listenInCluster","line":1997,"method":null,"native":false},{"column":7,"file":"node:net","function":"Server.listen","line":2102,"method":"listen","native":false},{"column":32,"file":"/Users/sherzod/my_projects/Decorify/Decorify/node_modules/@nestjs/platform-express/adapters/express-adapter.js","function":"ExpressAdapter.listen","line":95,"method":"listen","native":false},{"column":30,"file":"/Users/sherzod/my_projects/Decorify/Decorify/node_modules/@nestjs/core/nest-application.js","function":null,"line":180,"method":null,"native":false},{"column":null,"file":null,"function":"new Promise","line":null,"method":null,"native":false},{"column":16,"file":"/Users/sherzod/my_projects/Decorify/Decorify/node_modules/@nestjs/core/nest-application.js","function":"NestApplication.listen","line":170,"method":"listen","native":false},{"column":5,"file":"/Users/sherzod/my_projects/Decorify/Decorify/dist/apps/api-gateway/main.js","function":"bootstrap","line":2263,"method":null,"native":false}]}
{"context":"NestFactory","level":"info","message":"Starting Nest application...","timestamp":"2025-07-03T13:08:08.761Z"}
{"context":"ModuleTokenFactory","level":"warn","message":"The module \"ClientsModule\" is taking 11.08ms to serialize, this may be caused by larger objects statically assigned to the module. More details: https://github.com/nestjs/nest/issues/12738","timestamp":"2025-07-03T13:08:08.773Z"}
{"context":"ModuleTokenFactory","level":"warn","message":"The module \"ClientsModule\" is taking 10.91ms to serialize, this may be caused by larger objects statically assigned to the module. More details: https://github.com/nestjs/nest/issues/12738","timestamp":"2025-07-03T13:08:08.790Z"}
{"context":"InstanceLoader","level":"info","message":"ClientsModule dependencies initialized","timestamp":"2025-07-03T13:08:08.799Z"}
{"context":"InstanceLoader","level":"info","message":"ClientsModule dependencies initialized","timestamp":"2025-07-03T13:08:08.799Z"}
{"context":"InstanceLoader","level":"info","message":"ThrottlerModule dependencies initialized","timestamp":"2025-07-03T13:08:08.799Z"}
{"context":"InstanceLoader","level":"info","message":"TestModule dependencies initialized","timestamp":"2025-07-03T13:08:08.799Z"}
{"context":"InstanceLoader","level":"info","message":"AppModule dependencies initialized","timestamp":"2025-07-03T13:08:08.800Z"}
{"context":"InstanceLoader","level":"info","message":"HealthModule dependencies initialized","timestamp":"2025-07-03T13:08:08.800Z"}
{"context":"InstanceLoader","level":"info","message":"AuthModule dependencies initialized","timestamp":"2025-07-03T13:08:08.800Z"}
{"context":"RoutesResolver","level":"info","message":"HealthController {/api/health}:","timestamp":"2025-07-03T13:08:08.875Z"}
{"context":"RouterExplorer","level":"info","message":"Mapped {/api/health, GET} route","timestamp":"2025-07-03T13:08:08.876Z"}
{"context":"RouterExplorer","level":"info","message":"Mapped {/api/health/ready, GET} route","timestamp":"2025-07-03T13:08:08.876Z"}
{"context":"RouterExplorer","level":"info","message":"Mapped {/api/health/live, GET} route","timestamp":"2025-07-03T13:08:08.876Z"}
{"context":"RoutesResolver","level":"info","message":"TestController {/api/test}:","timestamp":"2025-07-03T13:08:08.876Z"}
{"context":"RouterExplorer","level":"info","message":"Mapped {/api/test/health, GET} route","timestamp":"2025-07-03T13:08:08.876Z"}
{"context":"RouterExplorer","level":"info","message":"Mapped {/api/test/security-headers, GET} route","timestamp":"2025-07-03T13:08:08.876Z"}
{"context":"RoutesResolver","level":"info","message":"AuthController {/api/auth}:","timestamp":"2025-07-03T13:08:08.876Z"}
{"context":"RouterExplorer","level":"info","message":"Mapped {/api/auth/register, POST} route","timestamp":"2025-07-03T13:08:08.876Z"}
{"context":"RouterExplorer","level":"info","message":"Mapped {/api/auth/login, POST} route","timestamp":"2025-07-03T13:08:08.876Z"}
{"context":"NestApplication","level":"info","message":"Nest application successfully started","timestamp":"2025-07-03T13:08:08.888Z"}
{"level":"info","message":"🚀 Application is running on: https://localhost:3001/api","timestamp":"2025-07-03T13:08:08.889Z"}
{"level":"info","message":"📚 API Documentation is available at: https://localhost:3001/docs","timestamp":"2025-07-03T13:08:08.889Z"}
{"level":"info","message":"🔒 HTTPS is ENABLED","timestamp":"2025-07-03T13:08:08.889Z"}
{"context":"RequestLoggingMiddleware","level":"info","message":"[gojdfuiiu] GET /api/test/health - ::1 - curl/8.7.1 - User: anonymous","timestamp":"2025-07-03T13:08:23.459Z"}
{"context":"RequestLoggingMiddleware","level":"info","message":"[gojdfuiiu] Completed 200 in 2ms - 230 bytes","timestamp":"2025-07-03T13:08:23.461Z"}
{"context":"RequestLoggingMiddleware","level":"info","message":"[vzgi7fpsy] GET /api/test/security-headers - ::1 - curl/8.7.1 - User: anonymous","timestamp":"2025-07-03T13:08:51.765Z"}
{"context":"RequestLoggingMiddleware","level":"info","message":"[vzgi7fpsy] Completed 200 in 1ms - 319 bytes","timestamp":"2025-07-03T13:08:51.765Z"}
{"context":"RequestLoggingMiddleware","level":"info","message":"[9o9nmxijg] GET /api/health - ::1 - curl/8.7.1 - User: anonymous","timestamp":"2025-07-03T13:08:59.060Z"}
{"context":"RequestLoggingMiddleware","level":"info","message":"[9o9nmxijg] Completed 503 in 103ms - 1348 bytes","timestamp":"2025-07-03T13:08:59.162Z"}
{"context":"NestFactory","level":"info","message":"Starting Nest application...","timestamp":"2025-07-03T13:39:43.667Z"}
{"context":"ModuleTokenFactory","level":"warn","message":"The module \"ClientsModule\" is taking 11.71ms to serialize, this may be caused by larger objects statically assigned to the module. More details: https://github.com/nestjs/nest/issues/12738","timestamp":"2025-07-03T13:39:43.680Z"}
{"context":"ModuleTokenFactory","level":"warn","message":"The module \"ClientsModule\" is taking 10.79ms to serialize, this may be caused by larger objects statically assigned to the module. More details: https://github.com/nestjs/nest/issues/12738","timestamp":"2025-07-03T13:39:43.697Z"}
{"context":"InstanceLoader","level":"info","message":"ClientsModule dependencies initialized","timestamp":"2025-07-03T13:39:43.705Z"}
{"context":"InstanceLoader","level":"info","message":"ClientsModule dependencies initialized","timestamp":"2025-07-03T13:39:43.705Z"}
{"context":"InstanceLoader","level":"info","message":"ThrottlerModule dependencies initialized","timestamp":"2025-07-03T13:39:43.705Z"}
{"context":"InstanceLoader","level":"info","message":"TestModule dependencies initialized","timestamp":"2025-07-03T13:39:43.705Z"}
{"context":"InstanceLoader","level":"info","message":"AppModule dependencies initialized","timestamp":"2025-07-03T13:39:43.705Z"}
{"context":"InstanceLoader","level":"info","message":"HealthModule dependencies initialized","timestamp":"2025-07-03T13:39:43.705Z"}
{"context":"InstanceLoader","level":"info","message":"AuthModule dependencies initialized","timestamp":"2025-07-03T13:39:43.705Z"}
{"context":"RoutesResolver","level":"info","message":"HealthController {/api/health}:","timestamp":"2025-07-03T13:39:43.778Z"}
{"context":"RouterExplorer","level":"info","message":"Mapped {/api/health, GET} route","timestamp":"2025-07-03T13:39:43.779Z"}
{"context":"RouterExplorer","level":"info","message":"Mapped {/api/health/ready, GET} route","timestamp":"2025-07-03T13:39:43.779Z"}
{"context":"RouterExplorer","level":"info","message":"Mapped {/api/health/live, GET} route","timestamp":"2025-07-03T13:39:43.779Z"}
{"context":"RoutesResolver","level":"info","message":"TestController {/api/test}:","timestamp":"2025-07-03T13:39:43.779Z"}
{"context":"RouterExplorer","level":"info","message":"Mapped {/api/test/health, GET} route","timestamp":"2025-07-03T13:39:43.779Z"}
{"context":"RouterExplorer","level":"info","message":"Mapped {/api/test/security-headers, GET} route","timestamp":"2025-07-03T13:39:43.779Z"}
{"context":"RoutesResolver","level":"info","message":"AuthController {/api/auth}:","timestamp":"2025-07-03T13:39:43.779Z"}
{"context":"RouterExplorer","level":"info","message":"Mapped {/api/auth/register, POST} route","timestamp":"2025-07-03T13:39:43.779Z"}
{"context":"RouterExplorer","level":"info","message":"Mapped {/api/auth/login, POST} route","timestamp":"2025-07-03T13:39:43.779Z"}
{"context":"NestApplication","level":"info","message":"Nest application successfully started","timestamp":"2025-07-03T13:39:43.791Z"}
{"context":"NestApplication","level":"error","message":"Error: listen EADDRINUSE: address already in use :::3000","stack":[null],"timestamp":"2025-07-03T13:39:43.792Z"}
{"date":"Thu Jul 03 2025 18:39:43 GMT+0500 (Узбекистан, стандартное время)","error":{"address":"::","code":"EADDRINUSE","errno":-48,"port":3000,"syscall":"listen"},"level":"error","message":"unhandledRejection: listen EADDRINUSE: address already in use :::3000\nError: listen EADDRINUSE: address already in use :::3000\n    at Server.setupListenHandle [as _listen2] (node:net:1940:16)\n    at listenInCluster (node:net:1997:12)\n    at Server.listen (node:net:2102:7)\n    at ExpressAdapter.listen (/Users/sherzod/my_projects/Decorify/Decorify/node_modules/@nestjs/platform-express/adapters/express-adapter.js:95:32)\n    at /Users/sherzod/my_projects/Decorify/Decorify/node_modules/@nestjs/core/nest-application.js:180:30\n    at new Promise (<anonymous>)\n    at NestApplication.listen (/Users/sherzod/my_projects/Decorify/Decorify/node_modules/@nestjs/core/nest-application.js:170:16)\n    at bootstrap (/Users/sherzod/my_projects/Decorify/Decorify/dist/apps/api-gateway/main.js:2263:5)","os":{"loadavg":[3.67626953125,4.01806640625,3.4462890625],"uptime":986261},"process":{"argv":["/opt/homebrew/Cellar/node/24.2.0/bin/node","/Users/sherzod/my_projects/Decorify/Decorify/node_modules/@nx/js/src/executors/node/node-with-require-overrides"],"cwd":"/Users/sherzod/my_projects/Decorify/Decorify","execPath":"/opt/homebrew/Cellar/node/24.2.0/bin/node","gid":20,"memoryUsage":{"arrayBuffers":60211,"external":2782487,"heapTotal":62963712,"heapUsed":37088672,"rss":141950976},"pid":43617,"uid":501,"version":"v24.2.0"},"rejection":true,"stack":"Error: listen EADDRINUSE: address already in use :::3000\n    at Server.setupListenHandle [as _listen2] (node:net:1940:16)\n    at listenInCluster (node:net:1997:12)\n    at Server.listen (node:net:2102:7)\n    at ExpressAdapter.listen (/Users/sherzod/my_projects/Decorify/Decorify/node_modules/@nestjs/platform-express/adapters/express-adapter.js:95:32)\n    at /Users/sherzod/my_projects/Decorify/Decorify/node_modules/@nestjs/core/nest-application.js:180:30\n    at new Promise (<anonymous>)\n    at NestApplication.listen (/Users/sherzod/my_projects/Decorify/Decorify/node_modules/@nestjs/core/nest-application.js:170:16)\n    at bootstrap (/Users/sherzod/my_projects/Decorify/Decorify/dist/apps/api-gateway/main.js:2263:5)","timestamp":"2025-07-03T13:39:43.793Z","trace":[{"column":16,"file":"node:net","function":"Server.setupListenHandle [as _listen2]","line":1940,"method":"setupListenHandle [as _listen2]","native":false},{"column":12,"file":"node:net","function":"listenInCluster","line":1997,"method":null,"native":false},{"column":7,"file":"node:net","function":"Server.listen","line":2102,"method":"listen","native":false},{"column":32,"file":"/Users/sherzod/my_projects/Decorify/Decorify/node_modules/@nestjs/platform-express/adapters/express-adapter.js","function":"ExpressAdapter.listen","line":95,"method":"listen","native":false},{"column":30,"file":"/Users/sherzod/my_projects/Decorify/Decorify/node_modules/@nestjs/core/nest-application.js","function":null,"line":180,"method":null,"native":false},{"column":null,"file":null,"function":"new Promise","line":null,"method":null,"native":false},{"column":16,"file":"/Users/sherzod/my_projects/Decorify/Decorify/node_modules/@nestjs/core/nest-application.js","function":"NestApplication.listen","line":170,"method":"listen","native":false},{"column":5,"file":"/Users/sherzod/my_projects/Decorify/Decorify/dist/apps/api-gateway/main.js","function":"bootstrap","line":2263,"method":null,"native":false}]}
{"context":"NestFactory","level":"info","message":"Starting Nest application...","timestamp":"2025-07-03T13:40:07.542Z"}
{"context":"ModuleTokenFactory","level":"warn","message":"The module \"ClientsModule\" is taking 11.69ms to serialize, this may be caused by larger objects statically assigned to the module. More details: https://github.com/nestjs/nest/issues/12738","timestamp":"2025-07-03T13:40:07.555Z"}
{"context":"ModuleTokenFactory","level":"warn","message":"The module \"ClientsModule\" is taking 11.54ms to serialize, this may be caused by larger objects statically assigned to the module. More details: https://github.com/nestjs/nest/issues/12738","timestamp":"2025-07-03T13:40:07.573Z"}
{"context":"InstanceLoader","level":"info","message":"ClientsModule dependencies initialized","timestamp":"2025-07-03T13:40:07.582Z"}
{"context":"InstanceLoader","level":"info","message":"ClientsModule dependencies initialized","timestamp":"2025-07-03T13:40:07.582Z"}
{"context":"InstanceLoader","level":"info","message":"ThrottlerModule dependencies initialized","timestamp":"2025-07-03T13:40:07.582Z"}
{"context":"InstanceLoader","level":"info","message":"TestModule dependencies initialized","timestamp":"2025-07-03T13:40:07.583Z"}
{"context":"InstanceLoader","level":"info","message":"AppModule dependencies initialized","timestamp":"2025-07-03T13:40:07.583Z"}
{"context":"InstanceLoader","level":"info","message":"HealthModule dependencies initialized","timestamp":"2025-07-03T13:40:07.583Z"}
{"context":"InstanceLoader","level":"info","message":"AuthModule dependencies initialized","timestamp":"2025-07-03T13:40:07.583Z"}
{"context":"RoutesResolver","level":"info","message":"HealthController {/api/health}:","timestamp":"2025-07-03T13:40:07.657Z"}
{"context":"RouterExplorer","level":"info","message":"Mapped {/api/health, GET} route","timestamp":"2025-07-03T13:40:07.658Z"}
{"context":"RouterExplorer","level":"info","message":"Mapped {/api/health/ready, GET} route","timestamp":"2025-07-03T13:40:07.658Z"}
{"context":"RouterExplorer","level":"info","message":"Mapped {/api/health/live, GET} route","timestamp":"2025-07-03T13:40:07.658Z"}
{"context":"RoutesResolver","level":"info","message":"TestController {/api/test}:","timestamp":"2025-07-03T13:40:07.658Z"}
{"context":"RouterExplorer","level":"info","message":"Mapped {/api/test/health, GET} route","timestamp":"2025-07-03T13:40:07.658Z"}
{"context":"RouterExplorer","level":"info","message":"Mapped {/api/test/security-headers, GET} route","timestamp":"2025-07-03T13:40:07.659Z"}
{"context":"RoutesResolver","level":"info","message":"AuthController {/api/auth}:","timestamp":"2025-07-03T13:40:07.659Z"}
{"context":"RouterExplorer","level":"info","message":"Mapped {/api/auth/register, POST} route","timestamp":"2025-07-03T13:40:07.659Z"}
{"context":"RouterExplorer","level":"info","message":"Mapped {/api/auth/login, POST} route","timestamp":"2025-07-03T13:40:07.659Z"}
{"context":"NestApplication","level":"info","message":"Nest application successfully started","timestamp":"2025-07-03T13:40:07.670Z"}
{"context":"NestApplication","level":"error","message":"Error: listen EADDRINUSE: address already in use :::3000","stack":[null],"timestamp":"2025-07-03T13:40:07.672Z"}
{"date":"Thu Jul 03 2025 18:40:07 GMT+0500 (Узбекистан, стандартное время)","error":{"address":"::","code":"EADDRINUSE","errno":-48,"port":3000,"syscall":"listen"},"level":"error","message":"unhandledRejection: listen EADDRINUSE: address already in use :::3000\nError: listen EADDRINUSE: address already in use :::3000\n    at Server.setupListenHandle [as _listen2] (node:net:1940:16)\n    at listenInCluster (node:net:1997:12)\n    at Server.listen (node:net:2102:7)\n    at ExpressAdapter.listen (/Users/sherzod/my_projects/Decorify/Decorify/node_modules/@nestjs/platform-express/adapters/express-adapter.js:95:32)\n    at /Users/sherzod/my_projects/Decorify/Decorify/node_modules/@nestjs/core/nest-application.js:180:30\n    at new Promise (<anonymous>)\n    at NestApplication.listen (/Users/sherzod/my_projects/Decorify/Decorify/node_modules/@nestjs/core/nest-application.js:170:16)\n    at bootstrap (/Users/sherzod/my_projects/Decorify/Decorify/dist/apps/api-gateway/main.js:2263:5)","os":{"loadavg":[3.6669921875,3.98583984375,3.4462890625],"uptime":986285},"process":{"argv":["/opt/homebrew/Cellar/node/24.2.0/bin/node","/Users/sherzod/my_projects/Decorify/Decorify/node_modules/@nx/js/src/executors/node/node-with-require-overrides"],"cwd":"/Users/sherzod/my_projects/Decorify/Decorify","execPath":"/opt/homebrew/Cellar/node/24.2.0/bin/node","gid":20,"memoryUsage":{"arrayBuffers":60211,"external":2782487,"heapTotal":62914560,"heapUsed":42442128,"rss":146145280},"pid":43807,"uid":501,"version":"v24.2.0"},"rejection":true,"stack":"Error: listen EADDRINUSE: address already in use :::3000\n    at Server.setupListenHandle [as _listen2] (node:net:1940:16)\n    at listenInCluster (node:net:1997:12)\n    at Server.listen (node:net:2102:7)\n    at ExpressAdapter.listen (/Users/sherzod/my_projects/Decorify/Decorify/node_modules/@nestjs/platform-express/adapters/express-adapter.js:95:32)\n    at /Users/sherzod/my_projects/Decorify/Decorify/node_modules/@nestjs/core/nest-application.js:180:30\n    at new Promise (<anonymous>)\n    at NestApplication.listen (/Users/sherzod/my_projects/Decorify/Decorify/node_modules/@nestjs/core/nest-application.js:170:16)\n    at bootstrap (/Users/sherzod/my_projects/Decorify/Decorify/dist/apps/api-gateway/main.js:2263:5)","timestamp":"2025-07-03T13:40:07.673Z","trace":[{"column":16,"file":"node:net","function":"Server.setupListenHandle [as _listen2]","line":1940,"method":"setupListenHandle [as _listen2]","native":false},{"column":12,"file":"node:net","function":"listenInCluster","line":1997,"method":null,"native":false},{"column":7,"file":"node:net","function":"Server.listen","line":2102,"method":"listen","native":false},{"column":32,"file":"/Users/sherzod/my_projects/Decorify/Decorify/node_modules/@nestjs/platform-express/adapters/express-adapter.js","function":"ExpressAdapter.listen","line":95,"method":"listen","native":false},{"column":30,"file":"/Users/sherzod/my_projects/Decorify/Decorify/node_modules/@nestjs/core/nest-application.js","function":null,"line":180,"method":null,"native":false},{"column":null,"file":null,"function":"new Promise","line":null,"method":null,"native":false},{"column":16,"file":"/Users/sherzod/my_projects/Decorify/Decorify/node_modules/@nestjs/core/nest-application.js","function":"NestApplication.listen","line":170,"method":"listen","native":false},{"column":5,"file":"/Users/sherzod/my_projects/Decorify/Decorify/dist/apps/api-gateway/main.js","function":"bootstrap","line":2263,"method":null,"native":false}]}
{"context":"NestFactory","level":"info","message":"Starting Nest application...","timestamp":"2025-07-07T14:20:08.427Z"}
{"context":"ModuleTokenFactory","level":"warn","message":"The module \"ClientsModule\" is taking 13.27ms to serialize, this may be caused by larger objects statically assigned to the module. More details: https://github.com/nestjs/nest/issues/12738","timestamp":"2025-07-07T14:20:08.442Z"}
{"context":"ModuleTokenFactory","level":"warn","message":"The module \"ClientsModule\" is taking 13.04ms to serialize, this may be caused by larger objects statically assigned to the module. More details: https://github.com/nestjs/nest/issues/12738","timestamp":"2025-07-07T14:20:08.463Z"}
{"context":"InstanceLoader","level":"info","message":"ClientsModule dependencies initialized","timestamp":"2025-07-07T14:20:08.472Z"}
{"context":"InstanceLoader","level":"info","message":"ClientsModule dependencies initialized","timestamp":"2025-07-07T14:20:08.472Z"}
{"context":"InstanceLoader","level":"info","message":"ThrottlerModule dependencies initialized","timestamp":"2025-07-07T14:20:08.472Z"}
{"context":"InstanceLoader","level":"info","message":"TestModule dependencies initialized","timestamp":"2025-07-07T14:20:08.472Z"}
{"context":"InstanceLoader","level":"info","message":"AppModule dependencies initialized","timestamp":"2025-07-07T14:20:08.472Z"}
{"context":"InstanceLoader","level":"info","message":"HealthModule dependencies initialized","timestamp":"2025-07-07T14:20:08.472Z"}
{"context":"InstanceLoader","level":"info","message":"AuthModule dependencies initialized","timestamp":"2025-07-07T14:20:08.472Z"}
{"context":"RoutesResolver","level":"info","message":"HealthController {/api/health}:","timestamp":"2025-07-07T14:20:08.580Z"}
{"context":"RouterExplorer","level":"info","message":"Mapped {/api/health, GET} route","timestamp":"2025-07-07T14:20:08.580Z"}
{"context":"RouterExplorer","level":"info","message":"Mapped {/api/health/ready, GET} route","timestamp":"2025-07-07T14:20:08.580Z"}
{"context":"RouterExplorer","level":"info","message":"Mapped {/api/health/live, GET} route","timestamp":"2025-07-07T14:20:08.581Z"}
{"context":"RoutesResolver","level":"info","message":"TestController {/api/test}:","timestamp":"2025-07-07T14:20:08.581Z"}
{"context":"RouterExplorer","level":"info","message":"Mapped {/api/test/health, GET} route","timestamp":"2025-07-07T14:20:08.581Z"}
{"context":"RouterExplorer","level":"info","message":"Mapped {/api/test/security-headers, GET} route","timestamp":"2025-07-07T14:20:08.581Z"}
{"context":"RoutesResolver","level":"info","message":"AuthController {/api/auth}:","timestamp":"2025-07-07T14:20:08.581Z"}
{"context":"RouterExplorer","level":"info","message":"Mapped {/api/auth/register, POST} route","timestamp":"2025-07-07T14:20:08.581Z"}
{"context":"RouterExplorer","level":"info","message":"Mapped {/api/auth/login, POST} route","timestamp":"2025-07-07T14:20:08.581Z"}
{"context":"NestApplication","level":"info","message":"Nest application successfully started","timestamp":"2025-07-07T14:20:08.594Z"}
{"context":"NestApplication","level":"error","message":"Error: listen EADDRINUSE: address already in use :::3000","stack":[null],"timestamp":"2025-07-07T14:20:08.595Z"}
{"date":"Mon Jul 07 2025 19:20:08 GMT+0500 (Узбекистан, стандартное время)","error":{"address":"::","code":"EADDRINUSE","errno":-48,"port":3000,"syscall":"listen"},"level":"error","message":"unhandledRejection: listen EADDRINUSE: address already in use :::3000\nError: listen EADDRINUSE: address already in use :::3000\n    at Server.setupListenHandle [as _listen2] (node:net:1940:16)\n    at listenInCluster (node:net:1997:12)\n    at Server.listen (node:net:2102:7)\n    at ExpressAdapter.listen (/Users/sherzod/my_projects/Decorify/Decorify/node_modules/@nestjs/platform-express/adapters/express-adapter.js:95:32)\n    at /Users/sherzod/my_projects/Decorify/Decorify/node_modules/@nestjs/core/nest-application.js:180:30\n    at new Promise (<anonymous>)\n    at NestApplication.listen (/Users/sherzod/my_projects/Decorify/Decorify/node_modules/@nestjs/core/nest-application.js:170:16)\n    at bootstrap (/Users/sherzod/my_projects/Decorify/Decorify/dist/apps/api-gateway/main.js:2406:5)","os":{"loadavg":[3.1708984375,4.02490234375,3.55712890625],"uptime":1334286},"process":{"argv":["/opt/homebrew/Cellar/node/24.2.0/bin/node","/Users/sherzod/my_projects/Decorify/Decorify/node_modules/@nx/js/src/executors/node/node-with-require-overrides"],"cwd":"/Users/sherzod/my_projects/Decorify/Decorify","execPath":"/opt/homebrew/Cellar/node/24.2.0/bin/node","gid":20,"memoryUsage":{"arrayBuffers":60211,"external":2782487,"heapTotal":65060864,"heapUsed":37723752,"rss":148357120},"pid":66345,"uid":501,"version":"v24.2.0"},"rejection":true,"stack":"Error: listen EADDRINUSE: address already in use :::3000\n    at Server.setupListenHandle [as _listen2] (node:net:1940:16)\n    at listenInCluster (node:net:1997:12)\n    at Server.listen (node:net:2102:7)\n    at ExpressAdapter.listen (/Users/sherzod/my_projects/Decorify/Decorify/node_modules/@nestjs/platform-express/adapters/express-adapter.js:95:32)\n    at /Users/sherzod/my_projects/Decorify/Decorify/node_modules/@nestjs/core/nest-application.js:180:30\n    at new Promise (<anonymous>)\n    at NestApplication.listen (/Users/sherzod/my_projects/Decorify/Decorify/node_modules/@nestjs/core/nest-application.js:170:16)\n    at bootstrap (/Users/sherzod/my_projects/Decorify/Decorify/dist/apps/api-gateway/main.js:2406:5)","timestamp":"2025-07-07T14:20:08.596Z","trace":[{"column":16,"file":"node:net","function":"Server.setupListenHandle [as _listen2]","line":1940,"method":"setupListenHandle [as _listen2]","native":false},{"column":12,"file":"node:net","function":"listenInCluster","line":1997,"method":null,"native":false},{"column":7,"file":"node:net","function":"Server.listen","line":2102,"method":"listen","native":false},{"column":32,"file":"/Users/sherzod/my_projects/Decorify/Decorify/node_modules/@nestjs/platform-express/adapters/express-adapter.js","function":"ExpressAdapter.listen","line":95,"method":"listen","native":false},{"column":30,"file":"/Users/sherzod/my_projects/Decorify/Decorify/node_modules/@nestjs/core/nest-application.js","function":null,"line":180,"method":null,"native":false},{"column":null,"file":null,"function":"new Promise","line":null,"method":null,"native":false},{"column":16,"file":"/Users/sherzod/my_projects/Decorify/Decorify/node_modules/@nestjs/core/nest-application.js","function":"NestApplication.listen","line":170,"method":"listen","native":false},{"column":5,"file":"/Users/sherzod/my_projects/Decorify/Decorify/dist/apps/api-gateway/main.js","function":"bootstrap","line":2406,"method":null,"native":false}]}
{"context":"NestFactory","level":"info","message":"Starting Nest application...","timestamp":"2025-07-07T14:21:23.161Z"}
{"context":"ModuleTokenFactory","level":"warn","message":"The module \"ClientsModule\" is taking 11.69ms to serialize, this may be caused by larger objects statically assigned to the module. More details: https://github.com/nestjs/nest/issues/12738","timestamp":"2025-07-07T14:21:23.175Z"}
{"context":"ModuleTokenFactory","level":"warn","message":"The module \"ClientsModule\" is taking 10.17ms to serialize, this may be caused by larger objects statically assigned to the module. More details: https://github.com/nestjs/nest/issues/12738","timestamp":"2025-07-07T14:21:23.191Z"}
{"context":"InstanceLoader","level":"info","message":"ClientsModule dependencies initialized","timestamp":"2025-07-07T14:21:23.198Z"}
{"context":"InstanceLoader","level":"info","message":"ClientsModule dependencies initialized","timestamp":"2025-07-07T14:21:23.198Z"}
{"context":"InstanceLoader","level":"info","message":"ThrottlerModule dependencies initialized","timestamp":"2025-07-07T14:21:23.198Z"}
{"context":"InstanceLoader","level":"info","message":"TestModule dependencies initialized","timestamp":"2025-07-07T14:21:23.198Z"}
{"context":"InstanceLoader","level":"info","message":"AppModule dependencies initialized","timestamp":"2025-07-07T14:21:23.198Z"}
{"context":"InstanceLoader","level":"info","message":"HealthModule dependencies initialized","timestamp":"2025-07-07T14:21:23.198Z"}
{"context":"InstanceLoader","level":"info","message":"AuthModule dependencies initialized","timestamp":"2025-07-07T14:21:23.198Z"}
{"context":"RoutesResolver","level":"info","message":"HealthController {/api/health}:","timestamp":"2025-07-07T14:21:23.269Z"}
{"context":"RouterExplorer","level":"info","message":"Mapped {/api/health, GET} route","timestamp":"2025-07-07T14:21:23.270Z"}
{"context":"RouterExplorer","level":"info","message":"Mapped {/api/health/ready, GET} route","timestamp":"2025-07-07T14:21:23.270Z"}
{"context":"RouterExplorer","level":"info","message":"Mapped {/api/health/live, GET} route","timestamp":"2025-07-07T14:21:23.270Z"}
{"context":"RoutesResolver","level":"info","message":"TestController {/api/test}:","timestamp":"2025-07-07T14:21:23.270Z"}
{"context":"RouterExplorer","level":"info","message":"Mapped {/api/test/health, GET} route","timestamp":"2025-07-07T14:21:23.270Z"}
{"context":"RouterExplorer","level":"info","message":"Mapped {/api/test/security-headers, GET} route","timestamp":"2025-07-07T14:21:23.270Z"}
{"context":"RoutesResolver","level":"info","message":"AuthController {/api/auth}:","timestamp":"2025-07-07T14:21:23.270Z"}
{"context":"RouterExplorer","level":"info","message":"Mapped {/api/auth/register, POST} route","timestamp":"2025-07-07T14:21:23.270Z"}
{"context":"RouterExplorer","level":"info","message":"Mapped {/api/auth/login, POST} route","timestamp":"2025-07-07T14:21:23.271Z"}
{"context":"NestApplication","level":"info","message":"Nest application successfully started","timestamp":"2025-07-07T14:21:23.283Z"}
{"context":"NestApplication","level":"error","message":"Error: listen EADDRINUSE: address already in use :::3000","stack":[null],"timestamp":"2025-07-07T14:21:23.284Z"}
{"date":"Mon Jul 07 2025 19:21:23 GMT+0500 (Узбекистан, стандартное время)","error":{"address":"::","code":"EADDRINUSE","errno":-48,"port":3000,"syscall":"listen"},"level":"error","message":"unhandledRejection: listen EADDRINUSE: address already in use :::3000\nError: listen EADDRINUSE: address already in use :::3000\n    at Server.setupListenHandle [as _listen2] (node:net:1940:16)\n    at listenInCluster (node:net:1997:12)\n    at Server.listen (node:net:2102:7)\n    at ExpressAdapter.listen (/Users/sherzod/my_projects/Decorify/Decorify/node_modules/@nestjs/platform-express/adapters/express-adapter.js:95:32)\n    at /Users/sherzod/my_projects/Decorify/Decorify/node_modules/@nestjs/core/nest-application.js:180:30\n    at new Promise (<anonymous>)\n    at NestApplication.listen (/Users/sherzod/my_projects/Decorify/Decorify/node_modules/@nestjs/core/nest-application.js:170:16)\n    at bootstrap (/Users/sherzod/my_projects/Decorify/Decorify/dist/apps/api-gateway/main.js:2406:5)","os":{"loadavg":[2.46044921875,3.603515625,3.43115234375],"uptime":1334361},"process":{"argv":["/opt/homebrew/Cellar/node/24.2.0/bin/node","/Users/sherzod/my_projects/Decorify/Decorify/node_modules/@nx/js/src/executors/node/node-with-require-overrides"],"cwd":"/Users/sherzod/my_projects/Decorify/Decorify","execPath":"/opt/homebrew/Cellar/node/24.2.0/bin/node","gid":20,"memoryUsage":{"arrayBuffers":60211,"external":2782487,"heapTotal":65060864,"heapUsed":37709120,"rss":149618688},"pid":66912,"uid":501,"version":"v24.2.0"},"rejection":true,"stack":"Error: listen EADDRINUSE: address already in use :::3000\n    at Server.setupListenHandle [as _listen2] (node:net:1940:16)\n    at listenInCluster (node:net:1997:12)\n    at Server.listen (node:net:2102:7)\n    at ExpressAdapter.listen (/Users/sherzod/my_projects/Decorify/Decorify/node_modules/@nestjs/platform-express/adapters/express-adapter.js:95:32)\n    at /Users/sherzod/my_projects/Decorify/Decorify/node_modules/@nestjs/core/nest-application.js:180:30\n    at new Promise (<anonymous>)\n    at NestApplication.listen (/Users/sherzod/my_projects/Decorify/Decorify/node_modules/@nestjs/core/nest-application.js:170:16)\n    at bootstrap (/Users/sherzod/my_projects/Decorify/Decorify/dist/apps/api-gateway/main.js:2406:5)","timestamp":"2025-07-07T14:21:23.284Z","trace":[{"column":16,"file":"node:net","function":"Server.setupListenHandle [as _listen2]","line":1940,"method":"setupListenHandle [as _listen2]","native":false},{"column":12,"file":"node:net","function":"listenInCluster","line":1997,"method":null,"native":false},{"column":7,"file":"node:net","function":"Server.listen","line":2102,"method":"listen","native":false},{"column":32,"file":"/Users/sherzod/my_projects/Decorify/Decorify/node_modules/@nestjs/platform-express/adapters/express-adapter.js","function":"ExpressAdapter.listen","line":95,"method":"listen","native":false},{"column":30,"file":"/Users/sherzod/my_projects/Decorify/Decorify/node_modules/@nestjs/core/nest-application.js","function":null,"line":180,"method":null,"native":false},{"column":null,"file":null,"function":"new Promise","line":null,"method":null,"native":false},{"column":16,"file":"/Users/sherzod/my_projects/Decorify/Decorify/node_modules/@nestjs/core/nest-application.js","function":"NestApplication.listen","line":170,"method":"listen","native":false},{"column":5,"file":"/Users/sherzod/my_projects/Decorify/Decorify/dist/apps/api-gateway/main.js","function":"bootstrap","line":2406,"method":null,"native":false}]}
{"context":"NestFactory","level":"info","message":"Starting Nest application...","timestamp":"2025-07-07T14:22:26.838Z"}
{"context":"ModuleTokenFactory","level":"warn","message":"The module \"ClientsModule\" is taking 11.54ms to serialize, this may be caused by larger objects statically assigned to the module. More details: https://github.com/nestjs/nest/issues/12738","timestamp":"2025-07-07T14:22:26.851Z"}
{"context":"ModuleTokenFactory","level":"warn","message":"The module \"ClientsModule\" is taking 10.41ms to serialize, this may be caused by larger objects statically assigned to the module. More details: https://github.com/nestjs/nest/issues/12738","timestamp":"2025-07-07T14:22:26.867Z"}
{"context":"InstanceLoader","level":"info","message":"ClientsModule dependencies initialized","timestamp":"2025-07-07T14:22:26.875Z"}
{"context":"InstanceLoader","level":"info","message":"ClientsModule dependencies initialized","timestamp":"2025-07-07T14:22:26.875Z"}
{"context":"InstanceLoader","level":"info","message":"ThrottlerModule dependencies initialized","timestamp":"2025-07-07T14:22:26.875Z"}
{"context":"InstanceLoader","level":"info","message":"TestModule dependencies initialized","timestamp":"2025-07-07T14:22:26.875Z"}
{"context":"InstanceLoader","level":"info","message":"AppModule dependencies initialized","timestamp":"2025-07-07T14:22:26.876Z"}
{"context":"InstanceLoader","level":"info","message":"HealthModule dependencies initialized","timestamp":"2025-07-07T14:22:26.876Z"}
{"context":"InstanceLoader","level":"info","message":"AuthModule dependencies initialized","timestamp":"2025-07-07T14:22:26.876Z"}
{"context":"RoutesResolver","level":"info","message":"HealthController {/api/health}:","timestamp":"2025-07-07T14:22:26.944Z"}
{"context":"RouterExplorer","level":"info","message":"Mapped {/api/health, GET} route","timestamp":"2025-07-07T14:22:26.945Z"}
{"context":"RouterExplorer","level":"info","message":"Mapped {/api/health/ready, GET} route","timestamp":"2025-07-07T14:22:26.945Z"}
{"context":"RouterExplorer","level":"info","message":"Mapped {/api/health/live, GET} route","timestamp":"2025-07-07T14:22:26.945Z"}
{"context":"RoutesResolver","level":"info","message":"TestController {/api/test}:","timestamp":"2025-07-07T14:22:26.945Z"}
{"context":"RouterExplorer","level":"info","message":"Mapped {/api/test/health, GET} route","timestamp":"2025-07-07T14:22:26.945Z"}
{"context":"RouterExplorer","level":"info","message":"Mapped {/api/test/security-headers, GET} route","timestamp":"2025-07-07T14:22:26.945Z"}
{"context":"RoutesResolver","level":"info","message":"AuthController {/api/auth}:","timestamp":"2025-07-07T14:22:26.945Z"}
{"context":"RouterExplorer","level":"info","message":"Mapped {/api/auth/register, POST} route","timestamp":"2025-07-07T14:22:26.946Z"}
{"context":"RouterExplorer","level":"info","message":"Mapped {/api/auth/login, POST} route","timestamp":"2025-07-07T14:22:26.946Z"}
{"context":"NestApplication","level":"info","message":"Nest application successfully started","timestamp":"2025-07-07T14:22:26.958Z"}
{"context":"NestApplication","level":"error","message":"Error: listen EADDRINUSE: address already in use :::3000","stack":[null],"timestamp":"2025-07-07T14:22:26.959Z"}
{"date":"Mon Jul 07 2025 19:22:26 GMT+0500 (Узбекистан, стандартное время)","error":{"address":"::","code":"EADDRINUSE","errno":-48,"port":3000,"syscall":"listen"},"level":"error","message":"unhandledRejection: listen EADDRINUSE: address already in use :::3000\nError: listen EADDRINUSE: address already in use :::3000\n    at Server.setupListenHandle [as _listen2] (node:net:1940:16)\n    at listenInCluster (node:net:1997:12)\n    at Server.listen (node:net:2102:7)\n    at ExpressAdapter.listen (/Users/sherzod/my_projects/Decorify/Decorify/node_modules/@nestjs/platform-express/adapters/express-adapter.js:95:32)\n    at /Users/sherzod/my_projects/Decorify/Decorify/node_modules/@nestjs/core/nest-application.js:180:30\n    at new Promise (<anonymous>)\n    at NestApplication.listen (/Users/sherzod/my_projects/Decorify/Decorify/node_modules/@nestjs/core/nest-application.js:170:16)\n    at bootstrap (/Users/sherzod/my_projects/Decorify/Decorify/dist/apps/api-gateway/main.js:2406:5)","os":{"loadavg":[1.54736328125,3.107421875,3.25537109375],"uptime":1334424},"process":{"argv":["/opt/homebrew/Cellar/node/24.2.0/bin/node","/Users/sherzod/my_projects/Decorify/Decorify/node_modules/@nx/js/src/executors/node/node-with-require-overrides"],"cwd":"/Users/sherzod/my_projects/Decorify/Decorify","execPath":"/opt/homebrew/Cellar/node/24.2.0/bin/node","gid":20,"memoryUsage":{"arrayBuffers":60211,"external":2782487,"heapTotal":65323008,"heapUsed":37718736,"rss":147456000},"pid":67319,"uid":501,"version":"v24.2.0"},"rejection":true,"stack":"Error: listen EADDRINUSE: address already in use :::3000\n    at Server.setupListenHandle [as _listen2] (node:net:1940:16)\n    at listenInCluster (node:net:1997:12)\n    at Server.listen (node:net:2102:7)\n    at ExpressAdapter.listen (/Users/sherzod/my_projects/Decorify/Decorify/node_modules/@nestjs/platform-express/adapters/express-adapter.js:95:32)\n    at /Users/sherzod/my_projects/Decorify/Decorify/node_modules/@nestjs/core/nest-application.js:180:30\n    at new Promise (<anonymous>)\n    at NestApplication.listen (/Users/sherzod/my_projects/Decorify/Decorify/node_modules/@nestjs/core/nest-application.js:170:16)\n    at bootstrap (/Users/sherzod/my_projects/Decorify/Decorify/dist/apps/api-gateway/main.js:2406:5)","timestamp":"2025-07-07T14:22:26.960Z","trace":[{"column":16,"file":"node:net","function":"Server.setupListenHandle [as _listen2]","line":1940,"method":"setupListenHandle [as _listen2]","native":false},{"column":12,"file":"node:net","function":"listenInCluster","line":1997,"method":null,"native":false},{"column":7,"file":"node:net","function":"Server.listen","line":2102,"method":"listen","native":false},{"column":32,"file":"/Users/sherzod/my_projects/Decorify/Decorify/node_modules/@nestjs/platform-express/adapters/express-adapter.js","function":"ExpressAdapter.listen","line":95,"method":"listen","native":false},{"column":30,"file":"/Users/sherzod/my_projects/Decorify/Decorify/node_modules/@nestjs/core/nest-application.js","function":null,"line":180,"method":null,"native":false},{"column":null,"file":null,"function":"new Promise","line":null,"method":null,"native":false},{"column":16,"file":"/Users/sherzod/my_projects/Decorify/Decorify/node_modules/@nestjs/core/nest-application.js","function":"NestApplication.listen","line":170,"method":"listen","native":false},{"column":5,"file":"/Users/sherzod/my_projects/Decorify/Decorify/dist/apps/api-gateway/main.js","function":"bootstrap","line":2406,"method":null,"native":false}]}
{"context":"NestFactory","level":"info","message":"Starting Nest application...","timestamp":"2025-07-07T14:24:13.420Z"}
{"context":"ModuleTokenFactory","level":"warn","message":"The module \"ClientsModule\" is taking 11.54ms to serialize, this may be caused by larger objects statically assigned to the module. More details: https://github.com/nestjs/nest/issues/12738","timestamp":"2025-07-07T14:24:13.433Z"}
{"context":"InstanceLoader","level":"info","message":"ClientsModule dependencies initialized","timestamp":"2025-07-07T14:24:13.456Z"}
{"context":"InstanceLoader","level":"info","message":"ClientsModule dependencies initialized","timestamp":"2025-07-07T14:24:13.456Z"}
{"context":"InstanceLoader","level":"info","message":"ThrottlerModule dependencies initialized","timestamp":"2025-07-07T14:24:13.456Z"}
{"context":"InstanceLoader","level":"info","message":"TestModule dependencies initialized","timestamp":"2025-07-07T14:24:13.456Z"}
{"context":"InstanceLoader","level":"info","message":"AppModule dependencies initialized","timestamp":"2025-07-07T14:24:13.456Z"}
{"context":"InstanceLoader","level":"info","message":"HealthModule dependencies initialized","timestamp":"2025-07-07T14:24:13.456Z"}
{"context":"InstanceLoader","level":"info","message":"AuthModule dependencies initialized","timestamp":"2025-07-07T14:24:13.457Z"}
{"context":"RoutesResolver","level":"info","message":"HealthController {/api/health}:","timestamp":"2025-07-07T14:24:13.547Z"}
{"context":"RouterExplorer","level":"info","message":"Mapped {/api/health, GET} route","timestamp":"2025-07-07T14:24:13.547Z"}
{"context":"RouterExplorer","level":"info","message":"Mapped {/api/health/ready, GET} route","timestamp":"2025-07-07T14:24:13.548Z"}
{"context":"RouterExplorer","level":"info","message":"Mapped {/api/health/live, GET} route","timestamp":"2025-07-07T14:24:13.548Z"}
{"context":"RoutesResolver","level":"info","message":"TestController {/api/test}:","timestamp":"2025-07-07T14:24:13.548Z"}
{"context":"RouterExplorer","level":"info","message":"Mapped {/api/test/health, GET} route","timestamp":"2025-07-07T14:24:13.548Z"}
{"context":"RouterExplorer","level":"info","message":"Mapped {/api/test/security-headers, GET} route","timestamp":"2025-07-07T14:24:13.548Z"}
{"context":"RoutesResolver","level":"info","message":"AuthController {/api/auth}:","timestamp":"2025-07-07T14:24:13.548Z"}
{"context":"RouterExplorer","level":"info","message":"Mapped {/api/auth/register, POST} route","timestamp":"2025-07-07T14:24:13.548Z"}
{"context":"RouterExplorer","level":"info","message":"Mapped {/api/auth/login, POST} route","timestamp":"2025-07-07T14:24:13.548Z"}
{"context":"NestApplication","level":"info","message":"Nest application successfully started","timestamp":"2025-07-07T14:24:13.560Z"}
{"context":"NestApplication","level":"error","message":"Error: listen EADDRINUSE: address already in use :::3000","stack":[null],"timestamp":"2025-07-07T14:24:13.561Z"}
{"date":"Mon Jul 07 2025 19:24:13 GMT+0500 (Узбекистан, стандартное время)","error":{"address":"::","code":"EADDRINUSE","errno":-48,"port":3000,"syscall":"listen"},"level":"error","message":"unhandledRejection: listen EADDRINUSE: address already in use :::3000\nError: listen EADDRINUSE: address already in use :::3000\n    at Server.setupListenHandle [as _listen2] (node:net:1940:16)\n    at listenInCluster (node:net:1997:12)\n    at Server.listen (node:net:2102:7)\n    at ExpressAdapter.listen (/Users/sherzod/my_projects/Decorify/Decorify/node_modules/@nestjs/platform-express/adapters/express-adapter.js:95:32)\n    at /Users/sherzod/my_projects/Decorify/Decorify/node_modules/@nestjs/core/nest-application.js:180:30\n    at new Promise (<anonymous>)\n    at NestApplication.listen (/Users/sherzod/my_projects/Decorify/Decorify/node_modules/@nestjs/core/nest-application.js:170:16)\n    at bootstrap (/Users/sherzod/my_projects/Decorify/Decorify/dist/apps/api-gateway/main.js:2406:5)","os":{"loadavg":[1.4765625,2.64501953125,3.05517578125],"uptime":1334531},"process":{"argv":["/opt/homebrew/Cellar/node/24.2.0/bin/node","/Users/sherzod/my_projects/Decorify/Decorify/node_modules/@nx/js/src/executors/node/node-with-require-overrides"],"cwd":"/Users/sherzod/my_projects/Decorify/Decorify","execPath":"/opt/homebrew/Cellar/node/24.2.0/bin/node","gid":20,"memoryUsage":{"arrayBuffers":52019,"external":2774295,"heapTotal":64798720,"heapUsed":37650512,"rss":146702336},"pid":67945,"uid":501,"version":"v24.2.0"},"rejection":true,"stack":"Error: listen EADDRINUSE: address already in use :::3000\n    at Server.setupListenHandle [as _listen2] (node:net:1940:16)\n    at listenInCluster (node:net:1997:12)\n    at Server.listen (node:net:2102:7)\n    at ExpressAdapter.listen (/Users/sherzod/my_projects/Decorify/Decorify/node_modules/@nestjs/platform-express/adapters/express-adapter.js:95:32)\n    at /Users/sherzod/my_projects/Decorify/Decorify/node_modules/@nestjs/core/nest-application.js:180:30\n    at new Promise (<anonymous>)\n    at NestApplication.listen (/Users/sherzod/my_projects/Decorify/Decorify/node_modules/@nestjs/core/nest-application.js:170:16)\n    at bootstrap (/Users/sherzod/my_projects/Decorify/Decorify/dist/apps/api-gateway/main.js:2406:5)","timestamp":"2025-07-07T14:24:13.562Z","trace":[{"column":16,"file":"node:net","function":"Server.setupListenHandle [as _listen2]","line":1940,"method":"setupListenHandle [as _listen2]","native":false},{"column":12,"file":"node:net","function":"listenInCluster","line":1997,"method":null,"native":false},{"column":7,"file":"node:net","function":"Server.listen","line":2102,"method":"listen","native":false},{"column":32,"file":"/Users/sherzod/my_projects/Decorify/Decorify/node_modules/@nestjs/platform-express/adapters/express-adapter.js","function":"ExpressAdapter.listen","line":95,"method":"listen","native":false},{"column":30,"file":"/Users/sherzod/my_projects/Decorify/Decorify/node_modules/@nestjs/core/nest-application.js","function":null,"line":180,"method":null,"native":false},{"column":null,"file":null,"function":"new Promise","line":null,"method":null,"native":false},{"column":16,"file":"/Users/sherzod/my_projects/Decorify/Decorify/node_modules/@nestjs/core/nest-application.js","function":"NestApplication.listen","line":170,"method":"listen","native":false},{"column":5,"file":"/Users/sherzod/my_projects/Decorify/Decorify/dist/apps/api-gateway/main.js","function":"bootstrap","line":2406,"method":null,"native":false}]}
{"context":"NestFactory","level":"info","message":"Starting Nest application...","timestamp":"2025-07-07T14:43:04.396Z"}
{"context":"ModuleTokenFactory","level":"warn","message":"The module \"ClientsModule\" is taking 10.84ms to serialize, this may be caused by larger objects statically assigned to the module. More details: https://github.com/nestjs/nest/issues/12738","timestamp":"2025-07-07T14:43:04.408Z"}
{"context":"ModuleTokenFactory","level":"warn","message":"The module \"ClientsModule\" is taking 10.74ms to serialize, this may be caused by larger objects statically assigned to the module. More details: https://github.com/nestjs/nest/issues/12738","timestamp":"2025-07-07T14:43:04.425Z"}
{"context":"InstanceLoader","level":"info","message":"ClientsModule dependencies initialized","timestamp":"2025-07-07T14:43:04.433Z"}
{"context":"InstanceLoader","level":"info","message":"ClientsModule dependencies initialized","timestamp":"2025-07-07T14:43:04.433Z"}
{"context":"InstanceLoader","level":"info","message":"ThrottlerModule dependencies initialized","timestamp":"2025-07-07T14:43:04.433Z"}
{"context":"InstanceLoader","level":"info","message":"TestModule dependencies initialized","timestamp":"2025-07-07T14:43:04.433Z"}
{"context":"InstanceLoader","level":"info","message":"AppModule dependencies initialized","timestamp":"2025-07-07T14:43:04.433Z"}
{"context":"InstanceLoader","level":"info","message":"HealthModule dependencies initialized","timestamp":"2025-07-07T14:43:04.433Z"}
{"context":"InstanceLoader","level":"info","message":"AuthModule dependencies initialized","timestamp":"2025-07-07T14:43:04.433Z"}
{"context":"RoutesResolver","level":"info","message":"HealthController {/api/health}:","timestamp":"2025-07-07T14:43:04.534Z"}
{"context":"RouterExplorer","level":"info","message":"Mapped {/api/health, GET} route","timestamp":"2025-07-07T14:43:04.535Z"}
{"context":"RouterExplorer","level":"info","message":"Mapped {/api/health/ready, GET} route","timestamp":"2025-07-07T14:43:04.535Z"}
{"context":"RouterExplorer","level":"info","message":"Mapped {/api/health/live, GET} route","timestamp":"2025-07-07T14:43:04.535Z"}
{"context":"RoutesResolver","level":"info","message":"TestController {/api/test}:","timestamp":"2025-07-07T14:43:04.535Z"}
{"context":"RouterExplorer","level":"info","message":"Mapped {/api/test/health, GET} route","timestamp":"2025-07-07T14:43:04.535Z"}
{"context":"RouterExplorer","level":"info","message":"Mapped {/api/test/security-headers, GET} route","timestamp":"2025-07-07T14:43:04.535Z"}
{"context":"RoutesResolver","level":"info","message":"AuthController {/api/auth}:","timestamp":"2025-07-07T14:43:04.535Z"}
{"context":"RouterExplorer","level":"info","message":"Mapped {/api/auth/register, POST} route","timestamp":"2025-07-07T14:43:04.535Z"}
{"context":"RouterExplorer","level":"info","message":"Mapped {/api/auth/login, POST} route","timestamp":"2025-07-07T14:43:04.535Z"}
{"context":"NestApplication","level":"info","message":"Nest application successfully started","timestamp":"2025-07-07T14:43:04.541Z"}
{"level":"info","message":"🚀 Application is running on: http://localhost:3000/api","timestamp":"2025-07-07T14:43:04.542Z"}
{"level":"info","message":"📚 API Documentation is available at: http://localhost:3000/docs","timestamp":"2025-07-07T14:43:04.542Z"}
{"level":"info","message":"🔒 HTTPS is DISABLED","timestamp":"2025-07-07T14:43:04.542Z"}
{"context":"NestFactory","level":"info","message":"Starting Nest application...","timestamp":"2025-07-07T14:44:15.843Z"}
{"context":"ModuleTokenFactory","level":"warn","message":"The module \"ClientsModule\" is taking 11.99ms to serialize, this may be caused by larger objects statically assigned to the module. More details: https://github.com/nestjs/nest/issues/12738","timestamp":"2025-07-07T14:44:15.856Z"}
{"context":"ModuleTokenFactory","level":"warn","message":"The module \"ClientsModule\" is taking 10.08ms to serialize, this may be caused by larger objects statically assigned to the module. More details: https://github.com/nestjs/nest/issues/12738","timestamp":"2025-07-07T14:44:15.872Z"}
{"context":"InstanceLoader","level":"info","message":"ClientsModule dependencies initialized","timestamp":"2025-07-07T14:44:15.879Z"}
{"context":"InstanceLoader","level":"info","message":"ClientsModule dependencies initialized","timestamp":"2025-07-07T14:44:15.879Z"}
{"context":"InstanceLoader","level":"info","message":"ThrottlerModule dependencies initialized","timestamp":"2025-07-07T14:44:15.880Z"}
{"context":"InstanceLoader","level":"info","message":"TestModule dependencies initialized","timestamp":"2025-07-07T14:44:15.880Z"}
{"context":"InstanceLoader","level":"info","message":"AppModule dependencies initialized","timestamp":"2025-07-07T14:44:15.880Z"}
{"context":"InstanceLoader","level":"info","message":"HealthModule dependencies initialized","timestamp":"2025-07-07T14:44:15.880Z"}
{"context":"InstanceLoader","level":"info","message":"AuthModule dependencies initialized","timestamp":"2025-07-07T14:44:15.880Z"}
{"context":"RoutesResolver","level":"info","message":"HealthController {/api/health}:","timestamp":"2025-07-07T14:44:15.917Z"}
{"context":"RouterExplorer","level":"info","message":"Mapped {/api/health, GET} route","timestamp":"2025-07-07T14:44:15.918Z"}
{"context":"RouterExplorer","level":"info","message":"Mapped {/api/health/ready, GET} route","timestamp":"2025-07-07T14:44:15.918Z"}
{"context":"RouterExplorer","level":"info","message":"Mapped {/api/health/live, GET} route","timestamp":"2025-07-07T14:44:15.918Z"}
{"context":"RoutesResolver","level":"info","message":"TestController {/api/test}:","timestamp":"2025-07-07T14:44:15.918Z"}
{"context":"RouterExplorer","level":"info","message":"Mapped {/api/test/health, GET} route","timestamp":"2025-07-07T14:44:15.918Z"}
{"context":"RouterExplorer","level":"info","message":"Mapped {/api/test/security-headers, GET} route","timestamp":"2025-07-07T14:44:15.918Z"}
{"context":"RoutesResolver","level":"info","message":"AuthController {/api/auth}:","timestamp":"2025-07-07T14:44:15.918Z"}
{"context":"RouterExplorer","level":"info","message":"Mapped {/api/auth/register, POST} route","timestamp":"2025-07-07T14:44:15.918Z"}
{"context":"RouterExplorer","level":"info","message":"Mapped {/api/auth/login, POST} route","timestamp":"2025-07-07T14:44:15.918Z"}
{"context":"NestApplication","level":"info","message":"Nest application successfully started","timestamp":"2025-07-07T14:44:15.924Z"}
{"level":"info","message":"🚀 Application is running on: http://localhost:3000/api","timestamp":"2025-07-07T14:44:15.925Z"}
{"level":"info","message":"📚 API Documentation is available at: http://localhost:3000/docs","timestamp":"2025-07-07T14:44:15.925Z"}
{"level":"info","message":"🔒 HTTPS is DISABLED","timestamp":"2025-07-07T14:44:15.925Z"}
{"context":"NestFactory","level":"info","message":"Starting Nest application...","timestamp":"2025-07-07T15:23:59.399Z"}
{"context":"ModuleTokenFactory","level":"warn","message":"The module \"ClientsModule\" is taking 10.74ms to serialize, this may be caused by larger objects statically assigned to the module. More details: https://github.com/nestjs/nest/issues/12738","timestamp":"2025-07-07T15:23:59.416Z"}
{"context":"ModuleTokenFactory","level":"warn","message":"The module \"ClientsModule\" is taking 12.45ms to serialize, this may be caused by larger objects statically assigned to the module. More details: https://github.com/nestjs/nest/issues/12738","timestamp":"2025-07-07T15:23:59.449Z"}
{"context":"InstanceLoader","level":"info","message":"ClientsModule dependencies initialized","timestamp":"2025-07-07T15:23:59.466Z"}
{"context":"InstanceLoader","level":"info","message":"ClientsModule dependencies initialized","timestamp":"2025-07-07T15:23:59.466Z"}
{"context":"InstanceLoader","level":"info","message":"ClientsModule dependencies initialized","timestamp":"2025-07-07T15:23:59.466Z"}
{"context":"InstanceLoader","level":"info","message":"ClientsModule dependencies initialized","timestamp":"2025-07-07T15:23:59.466Z"}
{"context":"InstanceLoader","level":"info","message":"ClientsModule dependencies initialized","timestamp":"2025-07-07T15:23:59.466Z"}
{"context":"InstanceLoader","level":"info","message":"ClientsModule dependencies initialized","timestamp":"2025-07-07T15:23:59.466Z"}
{"context":"InstanceLoader","level":"info","message":"ClientsModule dependencies initialized","timestamp":"2025-07-07T15:23:59.466Z"}
{"context":"InstanceLoader","level":"info","message":"ClientsModule dependencies initialized","timestamp":"2025-07-07T15:23:59.466Z"}
{"context":"InstanceLoader","level":"info","message":"ThrottlerModule dependencies initialized","timestamp":"2025-07-07T15:23:59.467Z"}
{"context":"InstanceLoader","level":"info","message":"TestModule dependencies initialized","timestamp":"2025-07-07T15:23:59.467Z"}
{"context":"InstanceLoader","level":"info","message":"AppModule dependencies initialized","timestamp":"2025-07-07T15:23:59.467Z"}
{"context":"InstanceLoader","level":"info","message":"HealthModule dependencies initialized","timestamp":"2025-07-07T15:23:59.467Z"}
{"context":"InstanceLoader","level":"info","message":"AuthModule dependencies initialized","timestamp":"2025-07-07T15:23:59.467Z"}
{"context":"InstanceLoader","level":"info","message":"ProductModule dependencies initialized","timestamp":"2025-07-07T15:23:59.467Z"}
{"context":"InstanceLoader","level":"info","message":"OrderModule dependencies initialized","timestamp":"2025-07-07T15:23:59.467Z"}
{"context":"InstanceLoader","level":"info","message":"CartModule dependencies initialized","timestamp":"2025-07-07T15:23:59.467Z"}
{"context":"InstanceLoader","level":"info","message":"VendorModule dependencies initialized","timestamp":"2025-07-07T15:23:59.467Z"}
{"context":"InstanceLoader","level":"info","message":"PaymentModule dependencies initialized","timestamp":"2025-07-07T15:23:59.467Z"}
{"context":"InstanceLoader","level":"info","message":"CategoryModule dependencies initialized","timestamp":"2025-07-07T15:23:59.467Z"}
{"context":"RoutesResolver","level":"info","message":"AuthController {/api/auth}:","timestamp":"2025-07-07T15:23:59.488Z"}
{"context":"RouterExplorer","level":"info","message":"Mapped {/api/auth/register, POST} route","timestamp":"2025-07-07T15:23:59.488Z"}
{"context":"RouterExplorer","level":"info","message":"Mapped {/api/auth/login, POST} route","timestamp":"2025-07-07T15:23:59.488Z"}
{"context":"RoutesResolver","level":"info","message":"HealthController {/api/health}:","timestamp":"2025-07-07T15:23:59.488Z"}
{"context":"RouterExplorer","level":"info","message":"Mapped {/api/health, GET} route","timestamp":"2025-07-07T15:23:59.489Z"}
{"context":"RouterExplorer","level":"info","message":"Mapped {/api/health/ready, GET} route","timestamp":"2025-07-07T15:23:59.489Z"}
{"context":"RouterExplorer","level":"info","message":"Mapped {/api/health/live, GET} route","timestamp":"2025-07-07T15:23:59.489Z"}
{"context":"RoutesResolver","level":"info","message":"TestController {/api/test}:","timestamp":"2025-07-07T15:23:59.489Z"}
{"context":"RouterExplorer","level":"info","message":"Mapped {/api/test/health, GET} route","timestamp":"2025-07-07T15:23:59.489Z"}
{"context":"RouterExplorer","level":"info","message":"Mapped {/api/test/security-headers, GET} route","timestamp":"2025-07-07T15:23:59.489Z"}
{"context":"RoutesResolver","level":"info","message":"ProductController {/api/product}:","timestamp":"2025-07-07T15:23:59.489Z"}
{"context":"RouterExplorer","level":"info","message":"Mapped {/api/product, POST} route","timestamp":"2025-07-07T15:23:59.489Z"}
{"context":"RouterExplorer","level":"info","message":"Mapped {/api/product/:id, GET} route","timestamp":"2025-07-07T15:23:59.489Z"}
{"context":"RouterExplorer","level":"info","message":"Mapped {/api/product, GET} route","timestamp":"2025-07-07T15:23:59.489Z"}
{"context":"RouterExplorer","level":"info","message":"Mapped {/api/product/:id, PUT} route","timestamp":"2025-07-07T15:23:59.489Z"}
{"context":"RouterExplorer","level":"info","message":"Mapped {/api/product/:id, DELETE} route","timestamp":"2025-07-07T15:23:59.489Z"}
{"context":"RoutesResolver","level":"info","message":"OrderController {/api/order}:","timestamp":"2025-07-07T15:23:59.489Z"}
{"context":"RouterExplorer","level":"info","message":"Mapped {/api/order, POST} route","timestamp":"2025-07-07T15:23:59.489Z"}
{"context":"RouterExplorer","level":"info","message":"Mapped {/api/order, GET} route","timestamp":"2025-07-07T15:23:59.489Z"}
{"context":"RouterExplorer","level":"info","message":"Mapped {/api/order/:id, GET} route","timestamp":"2025-07-07T15:23:59.489Z"}
{"context":"RoutesResolver","level":"info","message":"CartController {/api/cart}:","timestamp":"2025-07-07T15:23:59.489Z"}
{"context":"RouterExplorer","level":"info","message":"Mapped {/api/cart, GET} route","timestamp":"2025-07-07T15:23:59.490Z"}
{"context":"RouterExplorer","level":"info","message":"Mapped {/api/cart/add, POST} route","timestamp":"2025-07-07T15:23:59.490Z"}
{"context":"RouterExplorer","level":"info","message":"Mapped {/api/cart/update, PUT} route","timestamp":"2025-07-07T15:23:59.490Z"}
{"context":"RouterExplorer","level":"info","message":"Mapped {/api/cart/remove/:productId, DELETE} route","timestamp":"2025-07-07T15:23:59.490Z"}
{"context":"RouterExplorer","level":"info","message":"Mapped {/api/cart/clear, DELETE} route","timestamp":"2025-07-07T15:23:59.490Z"}
{"context":"RoutesResolver","level":"info","message":"VendorController {/api/vendor}:","timestamp":"2025-07-07T15:23:59.490Z"}
{"context":"RouterExplorer","level":"info","message":"Mapped {/api/vendor, POST} route","timestamp":"2025-07-07T15:23:59.490Z"}
{"context":"RouterExplorer","level":"info","message":"Mapped {/api/vendor/:id, GET} route","timestamp":"2025-07-07T15:23:59.490Z"}
{"context":"RouterExplorer","level":"info","message":"Mapped {/api/vendor, GET} route","timestamp":"2025-07-07T15:23:59.490Z"}
{"context":"RouterExplorer","level":"info","message":"Mapped {/api/vendor/:id, PUT} route","timestamp":"2025-07-07T15:23:59.490Z"}
{"context":"RoutesResolver","level":"info","message":"PaymentController {/api/payment}:","timestamp":"2025-07-07T15:23:59.490Z"}
{"context":"RouterExplorer","level":"info","message":"Mapped {/api/payment/process, POST} route","timestamp":"2025-07-07T15:23:59.490Z"}
{"context":"RouterExplorer","level":"info","message":"Mapped {/api/payment/status/:paymentId, GET} route","timestamp":"2025-07-07T15:23:59.490Z"}
{"context":"RouterExplorer","level":"info","message":"Mapped {/api/payment/refund, POST} route","timestamp":"2025-07-07T15:23:59.490Z"}
{"context":"RoutesResolver","level":"info","message":"CategoryController {/api/category}:","timestamp":"2025-07-07T15:23:59.490Z"}
{"context":"RouterExplorer","level":"info","message":"Mapped {/api/category, POST} route","timestamp":"2025-07-07T15:23:59.490Z"}
{"context":"RouterExplorer","level":"info","message":"Mapped {/api/category, GET} route","timestamp":"2025-07-07T15:23:59.490Z"}
{"context":"RouterExplorer","level":"info","message":"Mapped {/api/category/:id, GET} route","timestamp":"2025-07-07T15:23:59.490Z"}
{"context":"RouterExplorer","level":"info","message":"Mapped {/api/category/:id, PUT} route","timestamp":"2025-07-07T15:23:59.490Z"}
{"context":"RouterExplorer","level":"info","message":"Mapped {/api/category/:id, DELETE} route","timestamp":"2025-07-07T15:23:59.491Z"}
{"context":"NestApplication","level":"info","message":"Nest application successfully started","timestamp":"2025-07-07T15:23:59.499Z"}
{"level":"info","message":"🚀 Application is running on: http://localhost:3000/api","timestamp":"2025-07-07T15:23:59.500Z"}
{"level":"info","message":"📚 API Documentation is available at: http://localhost:3000/docs","timestamp":"2025-07-07T15:23:59.500Z"}
{"level":"info","message":"🔒 HTTPS is DISABLED","timestamp":"2025-07-07T15:23:59.500Z"}
{"context":"NestFactory","level":"info","message":"Starting Nest application...","timestamp":"2025-07-07T15:23:59.399Z"}
{"context":"ModuleTokenFactory","level":"warn","message":"The module \"ClientsModule\" is taking 11.11ms to serialize, this may be caused by larger objects statically assigned to the module. More details: https://github.com/nestjs/nest/issues/12738","timestamp":"2025-07-07T15:23:59.416Z"}
{"context":"ModuleTokenFactory","level":"warn","message":"The module \"ClientsModule\" is taking 12.39ms to serialize, this may be caused by larger objects statically assigned to the module. More details: https://github.com/nestjs/nest/issues/12738","timestamp":"2025-07-07T15:23:59.449Z"}
{"context":"InstanceLoader","level":"info","message":"ClientsModule dependencies initialized","timestamp":"2025-07-07T15:23:59.467Z"}
{"context":"InstanceLoader","level":"info","message":"ClientsModule dependencies initialized","timestamp":"2025-07-07T15:23:59.467Z"}
{"context":"InstanceLoader","level":"info","message":"ClientsModule dependencies initialized","timestamp":"2025-07-07T15:23:59.467Z"}
{"context":"InstanceLoader","level":"info","message":"ClientsModule dependencies initialized","timestamp":"2025-07-07T15:23:59.467Z"}
{"context":"InstanceLoader","level":"info","message":"ClientsModule dependencies initialized","timestamp":"2025-07-07T15:23:59.467Z"}
{"context":"InstanceLoader","level":"info","message":"ClientsModule dependencies initialized","timestamp":"2025-07-07T15:23:59.467Z"}
{"context":"InstanceLoader","level":"info","message":"ClientsModule dependencies initialized","timestamp":"2025-07-07T15:23:59.467Z"}
{"context":"InstanceLoader","level":"info","message":"ClientsModule dependencies initialized","timestamp":"2025-07-07T15:23:59.467Z"}
{"context":"InstanceLoader","level":"info","message":"ThrottlerModule dependencies initialized","timestamp":"2025-07-07T15:23:59.467Z"}
{"context":"InstanceLoader","level":"info","message":"TestModule dependencies initialized","timestamp":"2025-07-07T15:23:59.467Z"}
{"context":"InstanceLoader","level":"info","message":"AppModule dependencies initialized","timestamp":"2025-07-07T15:23:59.467Z"}
{"context":"InstanceLoader","level":"info","message":"HealthModule dependencies initialized","timestamp":"2025-07-07T15:23:59.467Z"}
{"context":"InstanceLoader","level":"info","message":"AuthModule dependencies initialized","timestamp":"2025-07-07T15:23:59.468Z"}
{"context":"InstanceLoader","level":"info","message":"ProductModule dependencies initialized","timestamp":"2025-07-07T15:23:59.468Z"}
{"context":"InstanceLoader","level":"info","message":"OrderModule dependencies initialized","timestamp":"2025-07-07T15:23:59.468Z"}
{"context":"InstanceLoader","level":"info","message":"CartModule dependencies initialized","timestamp":"2025-07-07T15:23:59.468Z"}
{"context":"InstanceLoader","level":"info","message":"VendorModule dependencies initialized","timestamp":"2025-07-07T15:23:59.468Z"}
{"context":"InstanceLoader","level":"info","message":"PaymentModule dependencies initialized","timestamp":"2025-07-07T15:23:59.468Z"}
{"context":"InstanceLoader","level":"info","message":"CategoryModule dependencies initialized","timestamp":"2025-07-07T15:23:59.468Z"}
{"context":"RoutesResolver","level":"info","message":"AuthController {/api/auth}:","timestamp":"2025-07-07T15:23:59.488Z"}
{"context":"RouterExplorer","level":"info","message":"Mapped {/api/auth/register, POST} route","timestamp":"2025-07-07T15:23:59.488Z"}
{"context":"RouterExplorer","level":"info","message":"Mapped {/api/auth/login, POST} route","timestamp":"2025-07-07T15:23:59.488Z"}
{"context":"RoutesResolver","level":"info","message":"HealthController {/api/health}:","timestamp":"2025-07-07T15:23:59.488Z"}
{"context":"RouterExplorer","level":"info","message":"Mapped {/api/health, GET} route","timestamp":"2025-07-07T15:23:59.489Z"}
{"context":"RouterExplorer","level":"info","message":"Mapped {/api/health/ready, GET} route","timestamp":"2025-07-07T15:23:59.489Z"}
{"context":"RouterExplorer","level":"info","message":"Mapped {/api/health/live, GET} route","timestamp":"2025-07-07T15:23:59.489Z"}
{"context":"RoutesResolver","level":"info","message":"TestController {/api/test}:","timestamp":"2025-07-07T15:23:59.489Z"}
{"context":"RouterExplorer","level":"info","message":"Mapped {/api/test/health, GET} route","timestamp":"2025-07-07T15:23:59.489Z"}
{"context":"RouterExplorer","level":"info","message":"Mapped {/api/test/security-headers, GET} route","timestamp":"2025-07-07T15:23:59.489Z"}
{"context":"RoutesResolver","level":"info","message":"ProductController {/api/product}:","timestamp":"2025-07-07T15:23:59.489Z"}
{"context":"RouterExplorer","level":"info","message":"Mapped {/api/product, POST} route","timestamp":"2025-07-07T15:23:59.489Z"}
{"context":"RouterExplorer","level":"info","message":"Mapped {/api/product/:id, GET} route","timestamp":"2025-07-07T15:23:59.489Z"}
{"context":"RouterExplorer","level":"info","message":"Mapped {/api/product, GET} route","timestamp":"2025-07-07T15:23:59.489Z"}
{"context":"RouterExplorer","level":"info","message":"Mapped {/api/product/:id, PUT} route","timestamp":"2025-07-07T15:23:59.489Z"}
{"context":"RouterExplorer","level":"info","message":"Mapped {/api/product/:id, DELETE} route","timestamp":"2025-07-07T15:23:59.489Z"}
{"context":"RoutesResolver","level":"info","message":"OrderController {/api/order}:","timestamp":"2025-07-07T15:23:59.489Z"}
{"context":"RouterExplorer","level":"info","message":"Mapped {/api/order, POST} route","timestamp":"2025-07-07T15:23:59.489Z"}
{"context":"RouterExplorer","level":"info","message":"Mapped {/api/order, GET} route","timestamp":"2025-07-07T15:23:59.489Z"}
{"context":"RouterExplorer","level":"info","message":"Mapped {/api/order/:id, GET} route","timestamp":"2025-07-07T15:23:59.489Z"}
{"context":"RoutesResolver","level":"info","message":"CartController {/api/cart}:","timestamp":"2025-07-07T15:23:59.489Z"}
{"context":"RouterExplorer","level":"info","message":"Mapped {/api/cart, GET} route","timestamp":"2025-07-07T15:23:59.490Z"}
{"context":"RouterExplorer","level":"info","message":"Mapped {/api/cart/add, POST} route","timestamp":"2025-07-07T15:23:59.490Z"}
{"context":"RouterExplorer","level":"info","message":"Mapped {/api/cart/update, PUT} route","timestamp":"2025-07-07T15:23:59.490Z"}
{"context":"RouterExplorer","level":"info","message":"Mapped {/api/cart/remove/:productId, DELETE} route","timestamp":"2025-07-07T15:23:59.490Z"}
{"context":"RouterExplorer","level":"info","message":"Mapped {/api/cart/clear, DELETE} route","timestamp":"2025-07-07T15:23:59.490Z"}
{"context":"RoutesResolver","level":"info","message":"VendorController {/api/vendor}:","timestamp":"2025-07-07T15:23:59.490Z"}
{"context":"RouterExplorer","level":"info","message":"Mapped {/api/vendor, POST} route","timestamp":"2025-07-07T15:23:59.490Z"}
{"context":"RouterExplorer","level":"info","message":"Mapped {/api/vendor/:id, GET} route","timestamp":"2025-07-07T15:23:59.490Z"}
{"context":"RouterExplorer","level":"info","message":"Mapped {/api/vendor, GET} route","timestamp":"2025-07-07T15:23:59.490Z"}
{"context":"RouterExplorer","level":"info","message":"Mapped {/api/vendor/:id, PUT} route","timestamp":"2025-07-07T15:23:59.490Z"}
{"context":"RoutesResolver","level":"info","message":"PaymentController {/api/payment}:","timestamp":"2025-07-07T15:23:59.490Z"}
{"context":"RouterExplorer","level":"info","message":"Mapped {/api/payment/process, POST} route","timestamp":"2025-07-07T15:23:59.490Z"}
{"context":"RouterExplorer","level":"info","message":"Mapped {/api/payment/status/:paymentId, GET} route","timestamp":"2025-07-07T15:23:59.490Z"}
{"context":"RouterExplorer","level":"info","message":"Mapped {/api/payment/refund, POST} route","timestamp":"2025-07-07T15:23:59.490Z"}
{"context":"RoutesResolver","level":"info","message":"CategoryController {/api/category}:","timestamp":"2025-07-07T15:23:59.490Z"}
{"context":"RouterExplorer","level":"info","message":"Mapped {/api/category, POST} route","timestamp":"2025-07-07T15:23:59.490Z"}
{"context":"RouterExplorer","level":"info","message":"Mapped {/api/category, GET} route","timestamp":"2025-07-07T15:23:59.491Z"}
{"context":"RouterExplorer","level":"info","message":"Mapped {/api/category/:id, GET} route","timestamp":"2025-07-07T15:23:59.491Z"}
{"context":"RouterExplorer","level":"info","message":"Mapped {/api/category/:id, PUT} route","timestamp":"2025-07-07T15:23:59.491Z"}
{"context":"RouterExplorer","level":"info","message":"Mapped {/api/category/:id, DELETE} route","timestamp":"2025-07-07T15:23:59.491Z"}
{"context":"NestApplication","level":"info","message":"Nest application successfully started","timestamp":"2025-07-07T15:23:59.499Z"}
{"context":"NestApplication","level":"error","message":"Error: listen EADDRINUSE: address already in use :::3000","stack":[null],"timestamp":"2025-07-07T15:23:59.500Z"}
{"date":"Mon Jul 07 2025 20:23:59 GMT+0500 (Узбекистан, стандартное время)","error":{"address":"::","code":"EADDRINUSE","errno":-48,"port":3000,"syscall":"listen"},"level":"error","message":"unhandledRejection: listen EADDRINUSE: address already in use :::3000\nError: listen EADDRINUSE: address already in use :::3000\n    at Server.setupListenHandle [as _listen2] (node:net:1940:16)\n    at listenInCluster (node:net:1997:12)\n    at Server.listen (node:net:2102:7)\n    at ExpressAdapter.listen (/Users/sherzod/my_projects/Decorify/Decorify/node_modules/@nestjs/platform-express/adapters/express-adapter.js:95:32)\n    at /Users/sherzod/my_projects/Decorify/Decorify/node_modules/@nestjs/core/nest-application.js:183:30\n    at new Promise (<anonymous>)\n    at NestApplication.listen (/Users/sherzod/my_projects/Decorify/Decorify/node_modules/@nestjs/core/nest-application.js:173:16)\n    at bootstrap (/Users/sherzod/my_projects/Decorify/Decorify/dist/apps/api-gateway/main.js:4488:5)","os":{"loadavg":[5.35546875,3.52783203125,4.79541015625],"uptime":1338117},"process":{"argv":["/opt/homebrew/Cellar/node/24.2.0/bin/node","/Users/sherzod/my_projects/Decorify/Decorify/node_modules/@nx/js/src/executors/node/node-with-require-overrides"],"cwd":"/Users/sherzod/my_projects/Decorify/Decorify","execPath":"/opt/homebrew/Cellar/node/24.2.0/bin/node","gid":20,"memoryUsage":{"arrayBuffers":101175,"external":2833934,"heapTotal":105775104,"heapUsed":52527616,"rss":172146688},"pid":95592,"uid":501,"version":"v24.2.0"},"rejection":true,"stack":"Error: listen EADDRINUSE: address already in use :::3000\n    at Server.setupListenHandle [as _listen2] (node:net:1940:16)\n    at listenInCluster (node:net:1997:12)\n    at Server.listen (node:net:2102:7)\n    at ExpressAdapter.listen (/Users/sherzod/my_projects/Decorify/Decorify/node_modules/@nestjs/platform-express/adapters/express-adapter.js:95:32)\n    at /Users/sherzod/my_projects/Decorify/Decorify/node_modules/@nestjs/core/nest-application.js:183:30\n    at new Promise (<anonymous>)\n    at NestApplication.listen (/Users/sherzod/my_projects/Decorify/Decorify/node_modules/@nestjs/core/nest-application.js:173:16)\n    at bootstrap (/Users/sherzod/my_projects/Decorify/Decorify/dist/apps/api-gateway/main.js:4488:5)","timestamp":"2025-07-07T15:23:59.503Z","trace":[{"column":16,"file":"node:net","function":"Server.setupListenHandle [as _listen2]","line":1940,"method":"setupListenHandle [as _listen2]","native":false},{"column":12,"file":"node:net","function":"listenInCluster","line":1997,"method":null,"native":false},{"column":7,"file":"node:net","function":"Server.listen","line":2102,"method":"listen","native":false},{"column":32,"file":"/Users/sherzod/my_projects/Decorify/Decorify/node_modules/@nestjs/platform-express/adapters/express-adapter.js","function":"ExpressAdapter.listen","line":95,"method":"listen","native":false},{"column":30,"file":"/Users/sherzod/my_projects/Decorify/Decorify/node_modules/@nestjs/core/nest-application.js","function":null,"line":183,"method":null,"native":false},{"column":null,"file":null,"function":"new Promise","line":null,"method":null,"native":false},{"column":16,"file":"/Users/sherzod/my_projects/Decorify/Decorify/node_modules/@nestjs/core/nest-application.js","function":"NestApplication.listen","line":173,"method":"listen","native":false},{"column":5,"file":"/Users/sherzod/my_projects/Decorify/Decorify/dist/apps/api-gateway/main.js","function":"bootstrap","line":4488,"method":null,"native":false}]}
{"context":"NestFactory","level":"info","message":"Starting Nest application...","timestamp":"2025-07-07T15:24:13.850Z"}
{"context":"ModuleTokenFactory","level":"warn","message":"The module \"ClientsModule\" is taking 11.11ms to serialize, this may be caused by larger objects statically assigned to the module. More details: https://github.com/nestjs/nest/issues/12738","timestamp":"2025-07-07T15:24:13.868Z"}
{"context":"ModuleTokenFactory","level":"warn","message":"The module \"ClientsModule\" is taking 12.19ms to serialize, this may be caused by larger objects statically assigned to the module. More details: https://github.com/nestjs/nest/issues/12738","timestamp":"2025-07-07T15:24:13.900Z"}
{"context":"InstanceLoader","level":"info","message":"ClientsModule dependencies initialized","timestamp":"2025-07-07T15:24:13.916Z"}
{"context":"InstanceLoader","level":"info","message":"ClientsModule dependencies initialized","timestamp":"2025-07-07T15:24:13.916Z"}
{"context":"InstanceLoader","level":"info","message":"ClientsModule dependencies initialized","timestamp":"2025-07-07T15:24:13.916Z"}
{"context":"InstanceLoader","level":"info","message":"ClientsModule dependencies initialized","timestamp":"2025-07-07T15:24:13.916Z"}
{"context":"InstanceLoader","level":"info","message":"ClientsModule dependencies initialized","timestamp":"2025-07-07T15:24:13.916Z"}
{"context":"InstanceLoader","level":"info","message":"ClientsModule dependencies initialized","timestamp":"2025-07-07T15:24:13.916Z"}
{"context":"InstanceLoader","level":"info","message":"ClientsModule dependencies initialized","timestamp":"2025-07-07T15:24:13.916Z"}
{"context":"InstanceLoader","level":"info","message":"ClientsModule dependencies initialized","timestamp":"2025-07-07T15:24:13.917Z"}
{"context":"InstanceLoader","level":"info","message":"ThrottlerModule dependencies initialized","timestamp":"2025-07-07T15:24:13.917Z"}
{"context":"InstanceLoader","level":"info","message":"TestModule dependencies initialized","timestamp":"2025-07-07T15:24:13.917Z"}
{"context":"InstanceLoader","level":"info","message":"AppModule dependencies initialized","timestamp":"2025-07-07T15:24:13.917Z"}
{"context":"InstanceLoader","level":"info","message":"HealthModule dependencies initialized","timestamp":"2025-07-07T15:24:13.917Z"}
{"context":"InstanceLoader","level":"info","message":"AuthModule dependencies initialized","timestamp":"2025-07-07T15:24:13.917Z"}
{"context":"InstanceLoader","level":"info","message":"ProductModule dependencies initialized","timestamp":"2025-07-07T15:24:13.917Z"}
{"context":"InstanceLoader","level":"info","message":"OrderModule dependencies initialized","timestamp":"2025-07-07T15:24:13.917Z"}
{"context":"InstanceLoader","level":"info","message":"CartModule dependencies initialized","timestamp":"2025-07-07T15:24:13.917Z"}
{"context":"InstanceLoader","level":"info","message":"VendorModule dependencies initialized","timestamp":"2025-07-07T15:24:13.917Z"}
{"context":"InstanceLoader","level":"info","message":"PaymentModule dependencies initialized","timestamp":"2025-07-07T15:24:13.917Z"}
{"context":"InstanceLoader","level":"info","message":"CategoryModule dependencies initialized","timestamp":"2025-07-07T15:24:13.917Z"}
{"context":"RoutesResolver","level":"info","message":"AuthController {/api/auth}:","timestamp":"2025-07-07T15:24:13.937Z"}
{"context":"RouterExplorer","level":"info","message":"Mapped {/api/auth/register, POST} route","timestamp":"2025-07-07T15:24:13.938Z"}
{"context":"RouterExplorer","level":"info","message":"Mapped {/api/auth/login, POST} route","timestamp":"2025-07-07T15:24:13.938Z"}
{"context":"RoutesResolver","level":"info","message":"HealthController {/api/health}:","timestamp":"2025-07-07T15:24:13.938Z"}
{"context":"RouterExplorer","level":"info","message":"Mapped {/api/health, GET} route","timestamp":"2025-07-07T15:24:13.938Z"}
{"context":"RouterExplorer","level":"info","message":"Mapped {/api/health/ready, GET} route","timestamp":"2025-07-07T15:24:13.938Z"}
{"context":"RouterExplorer","level":"info","message":"Mapped {/api/health/live, GET} route","timestamp":"2025-07-07T15:24:13.938Z"}
{"context":"RoutesResolver","level":"info","message":"TestController {/api/test}:","timestamp":"2025-07-07T15:24:13.938Z"}
{"context":"RouterExplorer","level":"info","message":"Mapped {/api/test/health, GET} route","timestamp":"2025-07-07T15:24:13.939Z"}
{"context":"RouterExplorer","level":"info","message":"Mapped {/api/test/security-headers, GET} route","timestamp":"2025-07-07T15:24:13.939Z"}
{"context":"RoutesResolver","level":"info","message":"ProductController {/api/product}:","timestamp":"2025-07-07T15:24:13.939Z"}
{"context":"RouterExplorer","level":"info","message":"Mapped {/api/product, POST} route","timestamp":"2025-07-07T15:24:13.939Z"}
{"context":"RouterExplorer","level":"info","message":"Mapped {/api/product/:id, GET} route","timestamp":"2025-07-07T15:24:13.939Z"}
{"context":"RouterExplorer","level":"info","message":"Mapped {/api/product, GET} route","timestamp":"2025-07-07T15:24:13.939Z"}
{"context":"RouterExplorer","level":"info","message":"Mapped {/api/product/:id, PUT} route","timestamp":"2025-07-07T15:24:13.939Z"}
{"context":"RouterExplorer","level":"info","message":"Mapped {/api/product/:id, DELETE} route","timestamp":"2025-07-07T15:24:13.939Z"}
{"context":"RoutesResolver","level":"info","message":"OrderController {/api/order}:","timestamp":"2025-07-07T15:24:13.939Z"}
{"context":"RouterExplorer","level":"info","message":"Mapped {/api/order, POST} route","timestamp":"2025-07-07T15:24:13.939Z"}
{"context":"RouterExplorer","level":"info","message":"Mapped {/api/order, GET} route","timestamp":"2025-07-07T15:24:13.939Z"}
{"context":"RouterExplorer","level":"info","message":"Mapped {/api/order/:id, GET} route","timestamp":"2025-07-07T15:24:13.939Z"}
{"context":"RoutesResolver","level":"info","message":"CartController {/api/cart}:","timestamp":"2025-07-07T15:24:13.939Z"}
{"context":"RouterExplorer","level":"info","message":"Mapped {/api/cart, GET} route","timestamp":"2025-07-07T15:24:13.939Z"}
{"context":"RouterExplorer","level":"info","message":"Mapped {/api/cart/add, POST} route","timestamp":"2025-07-07T15:24:13.939Z"}
{"context":"RouterExplorer","level":"info","message":"Mapped {/api/cart/update, PUT} route","timestamp":"2025-07-07T15:24:13.939Z"}
{"context":"RouterExplorer","level":"info","message":"Mapped {/api/cart/remove/:productId, DELETE} route","timestamp":"2025-07-07T15:24:13.939Z"}
{"context":"RouterExplorer","level":"info","message":"Mapped {/api/cart/clear, DELETE} route","timestamp":"2025-07-07T15:24:13.940Z"}
{"context":"RoutesResolver","level":"info","message":"VendorController {/api/vendor}:","timestamp":"2025-07-07T15:24:13.940Z"}
{"context":"RouterExplorer","level":"info","message":"Mapped {/api/vendor, POST} route","timestamp":"2025-07-07T15:24:13.940Z"}
{"context":"RouterExplorer","level":"info","message":"Mapped {/api/vendor/:id, GET} route","timestamp":"2025-07-07T15:24:13.940Z"}
{"context":"RouterExplorer","level":"info","message":"Mapped {/api/vendor, GET} route","timestamp":"2025-07-07T15:24:13.940Z"}
{"context":"RouterExplorer","level":"info","message":"Mapped {/api/vendor/:id, PUT} route","timestamp":"2025-07-07T15:24:13.940Z"}
{"context":"RoutesResolver","level":"info","message":"PaymentController {/api/payment}:","timestamp":"2025-07-07T15:24:13.940Z"}
{"context":"RouterExplorer","level":"info","message":"Mapped {/api/payment/process, POST} route","timestamp":"2025-07-07T15:24:13.940Z"}
{"context":"RouterExplorer","level":"info","message":"Mapped {/api/payment/status/:paymentId, GET} route","timestamp":"2025-07-07T15:24:13.940Z"}
{"context":"RouterExplorer","level":"info","message":"Mapped {/api/payment/refund, POST} route","timestamp":"2025-07-07T15:24:13.940Z"}
{"context":"RoutesResolver","level":"info","message":"CategoryController {/api/category}:","timestamp":"2025-07-07T15:24:13.940Z"}
{"context":"RouterExplorer","level":"info","message":"Mapped {/api/category, POST} route","timestamp":"2025-07-07T15:24:13.940Z"}
{"context":"RouterExplorer","level":"info","message":"Mapped {/api/category, GET} route","timestamp":"2025-07-07T15:24:13.940Z"}
{"context":"RouterExplorer","level":"info","message":"Mapped {/api/category/:id, GET} route","timestamp":"2025-07-07T15:24:13.940Z"}
{"context":"RouterExplorer","level":"info","message":"Mapped {/api/category/:id, PUT} route","timestamp":"2025-07-07T15:24:13.940Z"}
{"context":"RouterExplorer","level":"info","message":"Mapped {/api/category/:id, DELETE} route","timestamp":"2025-07-07T15:24:13.940Z"}
{"context":"NestApplication","level":"info","message":"Nest application successfully started","timestamp":"2025-07-07T15:24:13.949Z"}
{"level":"info","message":"🚀 Application is running on: http://localhost:3000/api","timestamp":"2025-07-07T15:24:13.951Z"}
{"level":"info","message":"📚 API Documentation is available at: http://localhost:3000/docs","timestamp":"2025-07-07T15:24:13.951Z"}
{"level":"info","message":"🔒 HTTPS is DISABLED","timestamp":"2025-07-07T15:24:13.951Z"}
{"context":"NestFactory","level":"info","message":"Starting Nest application...","timestamp":"2025-07-07T15:24:13.850Z"}
{"context":"ModuleTokenFactory","level":"warn","message":"The module \"ClientsModule\" is taking 11.15ms to serialize, this may be caused by larger objects statically assigned to the module. More details: https://github.com/nestjs/nest/issues/12738","timestamp":"2025-07-07T15:24:13.868Z"}
{"context":"ModuleTokenFactory","level":"warn","message":"The module \"ClientsModule\" is taking 11.97ms to serialize, this may be caused by larger objects statically assigned to the module. More details: https://github.com/nestjs/nest/issues/12738","timestamp":"2025-07-07T15:24:13.899Z"}
{"context":"InstanceLoader","level":"info","message":"ClientsModule dependencies initialized","timestamp":"2025-07-07T15:24:13.917Z"}
{"context":"InstanceLoader","level":"info","message":"ClientsModule dependencies initialized","timestamp":"2025-07-07T15:24:13.917Z"}
{"context":"InstanceLoader","level":"info","message":"ClientsModule dependencies initialized","timestamp":"2025-07-07T15:24:13.917Z"}
{"context":"InstanceLoader","level":"info","message":"ClientsModule dependencies initialized","timestamp":"2025-07-07T15:24:13.917Z"}
{"context":"InstanceLoader","level":"info","message":"ClientsModule dependencies initialized","timestamp":"2025-07-07T15:24:13.917Z"}
{"context":"InstanceLoader","level":"info","message":"ClientsModule dependencies initialized","timestamp":"2025-07-07T15:24:13.917Z"}
{"context":"InstanceLoader","level":"info","message":"ClientsModule dependencies initialized","timestamp":"2025-07-07T15:24:13.917Z"}
{"context":"InstanceLoader","level":"info","message":"ClientsModule dependencies initialized","timestamp":"2025-07-07T15:24:13.917Z"}
{"context":"InstanceLoader","level":"info","message":"ThrottlerModule dependencies initialized","timestamp":"2025-07-07T15:24:13.917Z"}
{"context":"InstanceLoader","level":"info","message":"TestModule dependencies initialized","timestamp":"2025-07-07T15:24:13.917Z"}
{"context":"InstanceLoader","level":"info","message":"AppModule dependencies initialized","timestamp":"2025-07-07T15:24:13.917Z"}
{"context":"InstanceLoader","level":"info","message":"HealthModule dependencies initialized","timestamp":"2025-07-07T15:24:13.918Z"}
{"context":"InstanceLoader","level":"info","message":"AuthModule dependencies initialized","timestamp":"2025-07-07T15:24:13.918Z"}
{"context":"InstanceLoader","level":"info","message":"ProductModule dependencies initialized","timestamp":"2025-07-07T15:24:13.918Z"}
{"context":"InstanceLoader","level":"info","message":"OrderModule dependencies initialized","timestamp":"2025-07-07T15:24:13.918Z"}
{"context":"InstanceLoader","level":"info","message":"CartModule dependencies initialized","timestamp":"2025-07-07T15:24:13.918Z"}
{"context":"InstanceLoader","level":"info","message":"VendorModule dependencies initialized","timestamp":"2025-07-07T15:24:13.918Z"}
{"context":"InstanceLoader","level":"info","message":"PaymentModule dependencies initialized","timestamp":"2025-07-07T15:24:13.918Z"}
{"context":"InstanceLoader","level":"info","message":"CategoryModule dependencies initialized","timestamp":"2025-07-07T15:24:13.918Z"}
{"context":"RoutesResolver","level":"info","message":"AuthController {/api/auth}:","timestamp":"2025-07-07T15:24:13.937Z"}
{"context":"RouterExplorer","level":"info","message":"Mapped {/api/auth/register, POST} route","timestamp":"2025-07-07T15:24:13.938Z"}
{"context":"RouterExplorer","level":"info","message":"Mapped {/api/auth/login, POST} route","timestamp":"2025-07-07T15:24:13.938Z"}
{"context":"RoutesResolver","level":"info","message":"HealthController {/api/health}:","timestamp":"2025-07-07T15:24:13.938Z"}
{"context":"RouterExplorer","level":"info","message":"Mapped {/api/health, GET} route","timestamp":"2025-07-07T15:24:13.938Z"}
{"context":"RouterExplorer","level":"info","message":"Mapped {/api/health/ready, GET} route","timestamp":"2025-07-07T15:24:13.938Z"}
{"context":"RouterExplorer","level":"info","message":"Mapped {/api/health/live, GET} route","timestamp":"2025-07-07T15:24:13.938Z"}
{"context":"RoutesResolver","level":"info","message":"TestController {/api/test}:","timestamp":"2025-07-07T15:24:13.938Z"}
{"context":"RouterExplorer","level":"info","message":"Mapped {/api/test/health, GET} route","timestamp":"2025-07-07T15:24:13.938Z"}
{"context":"RouterExplorer","level":"info","message":"Mapped {/api/test/security-headers, GET} route","timestamp":"2025-07-07T15:24:13.938Z"}
{"context":"RoutesResolver","level":"info","message":"ProductController {/api/product}:","timestamp":"2025-07-07T15:24:13.938Z"}
{"context":"RouterExplorer","level":"info","message":"Mapped {/api/product, POST} route","timestamp":"2025-07-07T15:24:13.938Z"}
{"context":"RouterExplorer","level":"info","message":"Mapped {/api/product/:id, GET} route","timestamp":"2025-07-07T15:24:13.938Z"}
{"context":"RouterExplorer","level":"info","message":"Mapped {/api/product, GET} route","timestamp":"2025-07-07T15:24:13.938Z"}
{"context":"RouterExplorer","level":"info","message":"Mapped {/api/product/:id, PUT} route","timestamp":"2025-07-07T15:24:13.939Z"}
{"context":"RouterExplorer","level":"info","message":"Mapped {/api/product/:id, DELETE} route","timestamp":"2025-07-07T15:24:13.939Z"}
{"context":"RoutesResolver","level":"info","message":"OrderController {/api/order}:","timestamp":"2025-07-07T15:24:13.939Z"}
{"context":"RouterExplorer","level":"info","message":"Mapped {/api/order, POST} route","timestamp":"2025-07-07T15:24:13.939Z"}
{"context":"RouterExplorer","level":"info","message":"Mapped {/api/order, GET} route","timestamp":"2025-07-07T15:24:13.939Z"}
{"context":"RouterExplorer","level":"info","message":"Mapped {/api/order/:id, GET} route","timestamp":"2025-07-07T15:24:13.939Z"}
{"context":"RoutesResolver","level":"info","message":"CartController {/api/cart}:","timestamp":"2025-07-07T15:24:13.939Z"}
{"context":"RouterExplorer","level":"info","message":"Mapped {/api/cart, GET} route","timestamp":"2025-07-07T15:24:13.939Z"}
{"context":"RouterExplorer","level":"info","message":"Mapped {/api/cart/add, POST} route","timestamp":"2025-07-07T15:24:13.939Z"}
{"context":"RouterExplorer","level":"info","message":"Mapped {/api/cart/update, PUT} route","timestamp":"2025-07-07T15:24:13.939Z"}
{"context":"RouterExplorer","level":"info","message":"Mapped {/api/cart/remove/:productId, DELETE} route","timestamp":"2025-07-07T15:24:13.939Z"}
{"context":"RouterExplorer","level":"info","message":"Mapped {/api/cart/clear, DELETE} route","timestamp":"2025-07-07T15:24:13.939Z"}
{"context":"RoutesResolver","level":"info","message":"VendorController {/api/vendor}:","timestamp":"2025-07-07T15:24:13.939Z"}
{"context":"RouterExplorer","level":"info","message":"Mapped {/api/vendor, POST} route","timestamp":"2025-07-07T15:24:13.939Z"}
{"context":"RouterExplorer","level":"info","message":"Mapped {/api/vendor/:id, GET} route","timestamp":"2025-07-07T15:24:13.939Z"}
{"context":"RouterExplorer","level":"info","message":"Mapped {/api/vendor, GET} route","timestamp":"2025-07-07T15:24:13.939Z"}
{"context":"RouterExplorer","level":"info","message":"Mapped {/api/vendor/:id, PUT} route","timestamp":"2025-07-07T15:24:13.940Z"}
{"context":"RoutesResolver","level":"info","message":"PaymentController {/api/payment}:","timestamp":"2025-07-07T15:24:13.940Z"}
{"context":"RouterExplorer","level":"info","message":"Mapped {/api/payment/process, POST} route","timestamp":"2025-07-07T15:24:13.940Z"}
{"context":"RouterExplorer","level":"info","message":"Mapped {/api/payment/status/:paymentId, GET} route","timestamp":"2025-07-07T15:24:13.940Z"}
{"context":"RouterExplorer","level":"info","message":"Mapped {/api/payment/refund, POST} route","timestamp":"2025-07-07T15:24:13.940Z"}
{"context":"RoutesResolver","level":"info","message":"CategoryController {/api/category}:","timestamp":"2025-07-07T15:24:13.940Z"}
{"context":"RouterExplorer","level":"info","message":"Mapped {/api/category, POST} route","timestamp":"2025-07-07T15:24:13.940Z"}
{"context":"RouterExplorer","level":"info","message":"Mapped {/api/category, GET} route","timestamp":"2025-07-07T15:24:13.940Z"}
{"context":"RouterExplorer","level":"info","message":"Mapped {/api/category/:id, GET} route","timestamp":"2025-07-07T15:24:13.940Z"}
{"context":"RouterExplorer","level":"info","message":"Mapped {/api/category/:id, PUT} route","timestamp":"2025-07-07T15:24:13.940Z"}
{"context":"RouterExplorer","level":"info","message":"Mapped {/api/category/:id, DELETE} route","timestamp":"2025-07-07T15:24:13.940Z"}
{"context":"NestApplication","level":"info","message":"Nest application successfully started","timestamp":"2025-07-07T15:24:13.950Z"}
{"context":"NestApplication","level":"error","message":"Error: listen EADDRINUSE: address already in use :::3000","stack":[null],"timestamp":"2025-07-07T15:24:13.951Z"}
{"date":"Mon Jul 07 2025 20:24:13 GMT+0500 (Узбекистан, стандартное время)","error":{"address":"::","code":"EADDRINUSE","errno":-48,"port":3000,"syscall":"listen"},"level":"error","message":"unhandledRejection: listen EADDRINUSE: address already in use :::3000\nError: listen EADDRINUSE: address already in use :::3000\n    at Server.setupListenHandle [as _listen2] (node:net:1940:16)\n    at listenInCluster (node:net:1997:12)\n    at Server.listen (node:net:2102:7)\n    at ExpressAdapter.listen (/Users/sherzod/my_projects/Decorify/Decorify/node_modules/@nestjs/platform-express/adapters/express-adapter.js:95:32)\n    at /Users/sherzod/my_projects/Decorify/Decorify/node_modules/@nestjs/core/nest-application.js:183:30\n    at new Promise (<anonymous>)\n    at NestApplication.listen (/Users/sherzod/my_projects/Decorify/Decorify/node_modules/@nestjs/core/nest-application.js:173:16)\n    at bootstrap (/Users/sherzod/my_projects/Decorify/Decorify/dist/apps/api-gateway/main.js:4488:5)","os":{"loadavg":[4.92529296875,3.5185546875,4.76904296875],"uptime":1338131},"process":{"argv":["/opt/homebrew/Cellar/node/24.2.0/bin/node","/Users/sherzod/my_projects/Decorify/Decorify/node_modules/@nx/js/src/executors/node/node-with-require-overrides"],"cwd":"/Users/sherzod/my_projects/Decorify/Decorify","execPath":"/opt/homebrew/Cellar/node/24.2.0/bin/node","gid":20,"memoryUsage":{"arrayBuffers":101175,"external":2833934,"heapTotal":71958528,"heapUsed":53447976,"rss":168378368},"pid":95674,"uid":501,"version":"v24.2.0"},"rejection":true,"stack":"Error: listen EADDRINUSE: address already in use :::3000\n    at Server.setupListenHandle [as _listen2] (node:net:1940:16)\n    at listenInCluster (node:net:1997:12)\n    at Server.listen (node:net:2102:7)\n    at ExpressAdapter.listen (/Users/sherzod/my_projects/Decorify/Decorify/node_modules/@nestjs/platform-express/adapters/express-adapter.js:95:32)\n    at /Users/sherzod/my_projects/Decorify/Decorify/node_modules/@nestjs/core/nest-application.js:183:30\n    at new Promise (<anonymous>)\n    at NestApplication.listen (/Users/sherzod/my_projects/Decorify/Decorify/node_modules/@nestjs/core/nest-application.js:173:16)\n    at bootstrap (/Users/sherzod/my_projects/Decorify/Decorify/dist/apps/api-gateway/main.js:4488:5)","timestamp":"2025-07-07T15:24:13.953Z","trace":[{"column":16,"file":"node:net","function":"Server.setupListenHandle [as _listen2]","line":1940,"method":"setupListenHandle [as _listen2]","native":false},{"column":12,"file":"node:net","function":"listenInCluster","line":1997,"method":null,"native":false},{"column":7,"file":"node:net","function":"Server.listen","line":2102,"method":"listen","native":false},{"column":32,"file":"/Users/sherzod/my_projects/Decorify/Decorify/node_modules/@nestjs/platform-express/adapters/express-adapter.js","function":"ExpressAdapter.listen","line":95,"method":"listen","native":false},{"column":30,"file":"/Users/sherzod/my_projects/Decorify/Decorify/node_modules/@nestjs/core/nest-application.js","function":null,"line":183,"method":null,"native":false},{"column":null,"file":null,"function":"new Promise","line":null,"method":null,"native":false},{"column":16,"file":"/Users/sherzod/my_projects/Decorify/Decorify/node_modules/@nestjs/core/nest-application.js","function":"NestApplication.listen","line":173,"method":"listen","native":false},{"column":5,"file":"/Users/sherzod/my_projects/Decorify/Decorify/dist/apps/api-gateway/main.js","function":"bootstrap","line":4488,"method":null,"native":false}]}
{"context":"NestFactory","level":"info","message":"Starting Nest application...","timestamp":"2025-07-07T15:24:36.021Z"}
{"context":"ModuleTokenFactory","level":"warn","message":"The module \"ClientsModule\" is taking 10.81ms to serialize, this may be caused by larger objects statically assigned to the module. More details: https://github.com/nestjs/nest/issues/12738","timestamp":"2025-07-07T15:24:36.038Z"}
{"context":"ModuleTokenFactory","level":"warn","message":"The module \"ClientsModule\" is taking 12.45ms to serialize, this may be caused by larger objects statically assigned to the module. More details: https://github.com/nestjs/nest/issues/12738","timestamp":"2025-07-07T15:24:36.069Z"}
{"context":"InstanceLoader","level":"info","message":"ClientsModule dependencies initialized","timestamp":"2025-07-07T15:24:36.086Z"}
{"context":"InstanceLoader","level":"info","message":"ClientsModule dependencies initialized","timestamp":"2025-07-07T15:24:36.086Z"}
{"context":"InstanceLoader","level":"info","message":"ClientsModule dependencies initialized","timestamp":"2025-07-07T15:24:36.086Z"}
{"context":"InstanceLoader","level":"info","message":"ClientsModule dependencies initialized","timestamp":"2025-07-07T15:24:36.086Z"}
{"context":"InstanceLoader","level":"info","message":"ClientsModule dependencies initialized","timestamp":"2025-07-07T15:24:36.086Z"}
{"context":"InstanceLoader","level":"info","message":"ClientsModule dependencies initialized","timestamp":"2025-07-07T15:24:36.086Z"}
{"context":"InstanceLoader","level":"info","message":"ClientsModule dependencies initialized","timestamp":"2025-07-07T15:24:36.086Z"}
{"context":"InstanceLoader","level":"info","message":"ClientsModule dependencies initialized","timestamp":"2025-07-07T15:24:36.086Z"}
{"context":"InstanceLoader","level":"info","message":"ThrottlerModule dependencies initialized","timestamp":"2025-07-07T15:24:36.086Z"}
{"context":"InstanceLoader","level":"info","message":"TestModule dependencies initialized","timestamp":"2025-07-07T15:24:36.086Z"}
{"context":"InstanceLoader","level":"info","message":"AppModule dependencies initialized","timestamp":"2025-07-07T15:24:36.087Z"}
{"context":"InstanceLoader","level":"info","message":"HealthModule dependencies initialized","timestamp":"2025-07-07T15:24:36.087Z"}
{"context":"InstanceLoader","level":"info","message":"AuthModule dependencies initialized","timestamp":"2025-07-07T15:24:36.087Z"}
{"context":"InstanceLoader","level":"info","message":"ProductModule dependencies initialized","timestamp":"2025-07-07T15:24:36.087Z"}
{"context":"InstanceLoader","level":"info","message":"OrderModule dependencies initialized","timestamp":"2025-07-07T15:24:36.087Z"}
{"context":"InstanceLoader","level":"info","message":"CartModule dependencies initialized","timestamp":"2025-07-07T15:24:36.087Z"}
{"context":"InstanceLoader","level":"info","message":"VendorModule dependencies initialized","timestamp":"2025-07-07T15:24:36.087Z"}
{"context":"InstanceLoader","level":"info","message":"PaymentModule dependencies initialized","timestamp":"2025-07-07T15:24:36.087Z"}
{"context":"InstanceLoader","level":"info","message":"CategoryModule dependencies initialized","timestamp":"2025-07-07T15:24:36.087Z"}
{"context":"RoutesResolver","level":"info","message":"AuthController {/api/auth}:","timestamp":"2025-07-07T15:24:36.106Z"}
{"context":"RouterExplorer","level":"info","message":"Mapped {/api/auth/register, POST} route","timestamp":"2025-07-07T15:24:36.107Z"}
{"context":"RouterExplorer","level":"info","message":"Mapped {/api/auth/login, POST} route","timestamp":"2025-07-07T15:24:36.107Z"}
{"context":"RoutesResolver","level":"info","message":"HealthController {/api/health}:","timestamp":"2025-07-07T15:24:36.107Z"}
{"context":"RouterExplorer","level":"info","message":"Mapped {/api/health, GET} route","timestamp":"2025-07-07T15:24:36.107Z"}
{"context":"RouterExplorer","level":"info","message":"Mapped {/api/health/ready, GET} route","timestamp":"2025-07-07T15:24:36.107Z"}
{"context":"RouterExplorer","level":"info","message":"Mapped {/api/health/live, GET} route","timestamp":"2025-07-07T15:24:36.107Z"}
{"context":"RoutesResolver","level":"info","message":"TestController {/api/test}:","timestamp":"2025-07-07T15:24:36.107Z"}
{"context":"RouterExplorer","level":"info","message":"Mapped {/api/test/health, GET} route","timestamp":"2025-07-07T15:24:36.107Z"}
{"context":"RouterExplorer","level":"info","message":"Mapped {/api/test/security-headers, GET} route","timestamp":"2025-07-07T15:24:36.107Z"}
{"context":"RoutesResolver","level":"info","message":"ProductController {/api/product}:","timestamp":"2025-07-07T15:24:36.107Z"}
{"context":"RouterExplorer","level":"info","message":"Mapped {/api/product, POST} route","timestamp":"2025-07-07T15:24:36.107Z"}
{"context":"RouterExplorer","level":"info","message":"Mapped {/api/product/:id, GET} route","timestamp":"2025-07-07T15:24:36.108Z"}
{"context":"RouterExplorer","level":"info","message":"Mapped {/api/product, GET} route","timestamp":"2025-07-07T15:24:36.108Z"}
{"context":"RouterExplorer","level":"info","message":"Mapped {/api/product/:id, PUT} route","timestamp":"2025-07-07T15:24:36.108Z"}
{"context":"RouterExplorer","level":"info","message":"Mapped {/api/product/:id, DELETE} route","timestamp":"2025-07-07T15:24:36.108Z"}
{"context":"RoutesResolver","level":"info","message":"OrderController {/api/order}:","timestamp":"2025-07-07T15:24:36.108Z"}
{"context":"RouterExplorer","level":"info","message":"Mapped {/api/order, POST} route","timestamp":"2025-07-07T15:24:36.108Z"}
{"context":"RouterExplorer","level":"info","message":"Mapped {/api/order, GET} route","timestamp":"2025-07-07T15:24:36.108Z"}
{"context":"RouterExplorer","level":"info","message":"Mapped {/api/order/:id, GET} route","timestamp":"2025-07-07T15:24:36.108Z"}
{"context":"RoutesResolver","level":"info","message":"CartController {/api/cart}:","timestamp":"2025-07-07T15:24:36.108Z"}
{"context":"RouterExplorer","level":"info","message":"Mapped {/api/cart, GET} route","timestamp":"2025-07-07T15:24:36.108Z"}
{"context":"RouterExplorer","level":"info","message":"Mapped {/api/cart/add, POST} route","timestamp":"2025-07-07T15:24:36.108Z"}
{"context":"RouterExplorer","level":"info","message":"Mapped {/api/cart/update, PUT} route","timestamp":"2025-07-07T15:24:36.108Z"}
{"context":"RouterExplorer","level":"info","message":"Mapped {/api/cart/remove/:productId, DELETE} route","timestamp":"2025-07-07T15:24:36.108Z"}
{"context":"RouterExplorer","level":"info","message":"Mapped {/api/cart/clear, DELETE} route","timestamp":"2025-07-07T15:24:36.108Z"}
{"context":"RoutesResolver","level":"info","message":"VendorController {/api/vendor}:","timestamp":"2025-07-07T15:24:36.108Z"}
{"context":"RouterExplorer","level":"info","message":"Mapped {/api/vendor, POST} route","timestamp":"2025-07-07T15:24:36.108Z"}
{"context":"RouterExplorer","level":"info","message":"Mapped {/api/vendor/:id, GET} route","timestamp":"2025-07-07T15:24:36.108Z"}
{"context":"RouterExplorer","level":"info","message":"Mapped {/api/vendor, GET} route","timestamp":"2025-07-07T15:24:36.108Z"}
{"context":"RouterExplorer","level":"info","message":"Mapped {/api/vendor/:id, PUT} route","timestamp":"2025-07-07T15:24:36.108Z"}
{"context":"RoutesResolver","level":"info","message":"PaymentController {/api/payment}:","timestamp":"2025-07-07T15:24:36.108Z"}
{"context":"RouterExplorer","level":"info","message":"Mapped {/api/payment/process, POST} route","timestamp":"2025-07-07T15:24:36.108Z"}
{"context":"RouterExplorer","level":"info","message":"Mapped {/api/payment/status/:paymentId, GET} route","timestamp":"2025-07-07T15:24:36.109Z"}
{"context":"RouterExplorer","level":"info","message":"Mapped {/api/payment/refund, POST} route","timestamp":"2025-07-07T15:24:36.109Z"}
{"context":"RoutesResolver","level":"info","message":"CategoryController {/api/category}:","timestamp":"2025-07-07T15:24:36.109Z"}
{"context":"RouterExplorer","level":"info","message":"Mapped {/api/category, POST} route","timestamp":"2025-07-07T15:24:36.109Z"}
{"context":"RouterExplorer","level":"info","message":"Mapped {/api/category, GET} route","timestamp":"2025-07-07T15:24:36.109Z"}
{"context":"RouterExplorer","level":"info","message":"Mapped {/api/category/:id, GET} route","timestamp":"2025-07-07T15:24:36.109Z"}
{"context":"RouterExplorer","level":"info","message":"Mapped {/api/category/:id, PUT} route","timestamp":"2025-07-07T15:24:36.109Z"}
{"context":"RouterExplorer","level":"info","message":"Mapped {/api/category/:id, DELETE} route","timestamp":"2025-07-07T15:24:36.109Z"}
{"context":"NestApplication","level":"info","message":"Nest application successfully started","timestamp":"2025-07-07T15:24:36.117Z"}
{"level":"info","message":"🚀 Application is running on: http://localhost:3000/api","timestamp":"2025-07-07T15:24:36.118Z"}
{"level":"info","message":"📚 API Documentation is available at: http://localhost:3000/docs","timestamp":"2025-07-07T15:24:36.118Z"}
{"level":"info","message":"🔒 HTTPS is DISABLED","timestamp":"2025-07-07T15:24:36.118Z"}
{"context":"NestFactory","level":"info","message":"Starting Nest application...","timestamp":"2025-07-07T15:24:36.021Z"}
{"context":"ModuleTokenFactory","level":"warn","message":"The module \"ClientsModule\" is taking 11.13ms to serialize, this may be caused by larger objects statically assigned to the module. More details: https://github.com/nestjs/nest/issues/12738","timestamp":"2025-07-07T15:24:36.038Z"}
{"context":"ModuleTokenFactory","level":"warn","message":"The module \"ClientsModule\" is taking 10.38ms to serialize, this may be caused by larger objects statically assigned to the module. More details: https://github.com/nestjs/nest/issues/12738","timestamp":"2025-07-07T15:24:36.068Z"}
{"context":"InstanceLoader","level":"info","message":"ClientsModule dependencies initialized","timestamp":"2025-07-07T15:24:36.086Z"}
{"context":"InstanceLoader","level":"info","message":"ClientsModule dependencies initialized","timestamp":"2025-07-07T15:24:36.086Z"}
{"context":"InstanceLoader","level":"info","message":"ClientsModule dependencies initialized","timestamp":"2025-07-07T15:24:36.086Z"}
{"context":"InstanceLoader","level":"info","message":"ClientsModule dependencies initialized","timestamp":"2025-07-07T15:24:36.086Z"}
{"context":"InstanceLoader","level":"info","message":"ClientsModule dependencies initialized","timestamp":"2025-07-07T15:24:36.086Z"}
{"context":"InstanceLoader","level":"info","message":"ClientsModule dependencies initialized","timestamp":"2025-07-07T15:24:36.086Z"}
{"context":"InstanceLoader","level":"info","message":"ClientsModule dependencies initialized","timestamp":"2025-07-07T15:24:36.086Z"}
{"context":"InstanceLoader","level":"info","message":"ClientsModule dependencies initialized","timestamp":"2025-07-07T15:24:36.086Z"}
{"context":"InstanceLoader","level":"info","message":"ThrottlerModule dependencies initialized","timestamp":"2025-07-07T15:24:36.086Z"}
{"context":"InstanceLoader","level":"info","message":"TestModule dependencies initialized","timestamp":"2025-07-07T15:24:36.087Z"}
{"context":"InstanceLoader","level":"info","message":"AppModule dependencies initialized","timestamp":"2025-07-07T15:24:36.087Z"}
{"context":"InstanceLoader","level":"info","message":"HealthModule dependencies initialized","timestamp":"2025-07-07T15:24:36.087Z"}
{"context":"InstanceLoader","level":"info","message":"AuthModule dependencies initialized","timestamp":"2025-07-07T15:24:36.087Z"}
{"context":"InstanceLoader","level":"info","message":"ProductModule dependencies initialized","timestamp":"2025-07-07T15:24:36.087Z"}
{"context":"InstanceLoader","level":"info","message":"OrderModule dependencies initialized","timestamp":"2025-07-07T15:24:36.087Z"}
{"context":"InstanceLoader","level":"info","message":"CartModule dependencies initialized","timestamp":"2025-07-07T15:24:36.087Z"}
{"context":"InstanceLoader","level":"info","message":"VendorModule dependencies initialized","timestamp":"2025-07-07T15:24:36.087Z"}
{"context":"InstanceLoader","level":"info","message":"PaymentModule dependencies initialized","timestamp":"2025-07-07T15:24:36.087Z"}
{"context":"InstanceLoader","level":"info","message":"CategoryModule dependencies initialized","timestamp":"2025-07-07T15:24:36.087Z"}
{"context":"RoutesResolver","level":"info","message":"AuthController {/api/auth}:","timestamp":"2025-07-07T15:24:36.106Z"}
{"context":"RouterExplorer","level":"info","message":"Mapped {/api/auth/register, POST} route","timestamp":"2025-07-07T15:24:36.107Z"}
{"context":"RouterExplorer","level":"info","message":"Mapped {/api/auth/login, POST} route","timestamp":"2025-07-07T15:24:36.107Z"}
{"context":"RoutesResolver","level":"info","message":"HealthController {/api/health}:","timestamp":"2025-07-07T15:24:36.107Z"}
{"context":"RouterExplorer","level":"info","message":"Mapped {/api/health, GET} route","timestamp":"2025-07-07T15:24:36.107Z"}
{"context":"RouterExplorer","level":"info","message":"Mapped {/api/health/ready, GET} route","timestamp":"2025-07-07T15:24:36.107Z"}
{"context":"RouterExplorer","level":"info","message":"Mapped {/api/health/live, GET} route","timestamp":"2025-07-07T15:24:36.107Z"}
{"context":"RoutesResolver","level":"info","message":"TestController {/api/test}:","timestamp":"2025-07-07T15:24:36.107Z"}
{"context":"RouterExplorer","level":"info","message":"Mapped {/api/test/health, GET} route","timestamp":"2025-07-07T15:24:36.107Z"}
{"context":"RouterExplorer","level":"info","message":"Mapped {/api/test/security-headers, GET} route","timestamp":"2025-07-07T15:24:36.107Z"}
{"context":"RoutesResolver","level":"info","message":"ProductController {/api/product}:","timestamp":"2025-07-07T15:24:36.107Z"}
{"context":"RouterExplorer","level":"info","message":"Mapped {/api/product, POST} route","timestamp":"2025-07-07T15:24:36.107Z"}
{"context":"RouterExplorer","level":"info","message":"Mapped {/api/product/:id, GET} route","timestamp":"2025-07-07T15:24:36.108Z"}
{"context":"RouterExplorer","level":"info","message":"Mapped {/api/product, GET} route","timestamp":"2025-07-07T15:24:36.108Z"}
{"context":"RouterExplorer","level":"info","message":"Mapped {/api/product/:id, PUT} route","timestamp":"2025-07-07T15:24:36.108Z"}
{"context":"RouterExplorer","level":"info","message":"Mapped {/api/product/:id, DELETE} route","timestamp":"2025-07-07T15:24:36.108Z"}
{"context":"RoutesResolver","level":"info","message":"OrderController {/api/order}:","timestamp":"2025-07-07T15:24:36.108Z"}
{"context":"RouterExplorer","level":"info","message":"Mapped {/api/order, POST} route","timestamp":"2025-07-07T15:24:36.108Z"}
{"context":"RouterExplorer","level":"info","message":"Mapped {/api/order, GET} route","timestamp":"2025-07-07T15:24:36.108Z"}
{"context":"RouterExplorer","level":"info","message":"Mapped {/api/order/:id, GET} route","timestamp":"2025-07-07T15:24:36.108Z"}
{"context":"RoutesResolver","level":"info","message":"CartController {/api/cart}:","timestamp":"2025-07-07T15:24:36.108Z"}
{"context":"RouterExplorer","level":"info","message":"Mapped {/api/cart, GET} route","timestamp":"2025-07-07T15:24:36.108Z"}
{"context":"RouterExplorer","level":"info","message":"Mapped {/api/cart/add, POST} route","timestamp":"2025-07-07T15:24:36.108Z"}
{"context":"RouterExplorer","level":"info","message":"Mapped {/api/cart/update, PUT} route","timestamp":"2025-07-07T15:24:36.108Z"}
{"context":"RouterExplorer","level":"info","message":"Mapped {/api/cart/remove/:productId, DELETE} route","timestamp":"2025-07-07T15:24:36.108Z"}
{"context":"RouterExplorer","level":"info","message":"Mapped {/api/cart/clear, DELETE} route","timestamp":"2025-07-07T15:24:36.108Z"}
{"context":"RoutesResolver","level":"info","message":"VendorController {/api/vendor}:","timestamp":"2025-07-07T15:24:36.108Z"}
{"context":"RouterExplorer","level":"info","message":"Mapped {/api/vendor, POST} route","timestamp":"2025-07-07T15:24:36.108Z"}
{"context":"RouterExplorer","level":"info","message":"Mapped {/api/vendor/:id, GET} route","timestamp":"2025-07-07T15:24:36.108Z"}
{"context":"RouterExplorer","level":"info","message":"Mapped {/api/vendor, GET} route","timestamp":"2025-07-07T15:24:36.108Z"}
{"context":"RouterExplorer","level":"info","message":"Mapped {/api/vendor/:id, PUT} route","timestamp":"2025-07-07T15:24:36.109Z"}
{"context":"RoutesResolver","level":"info","message":"PaymentController {/api/payment}:","timestamp":"2025-07-07T15:24:36.109Z"}
{"context":"RouterExplorer","level":"info","message":"Mapped {/api/payment/process, POST} route","timestamp":"2025-07-07T15:24:36.109Z"}
{"context":"RouterExplorer","level":"info","message":"Mapped {/api/payment/status/:paymentId, GET} route","timestamp":"2025-07-07T15:24:36.109Z"}
{"context":"RouterExplorer","level":"info","message":"Mapped {/api/payment/refund, POST} route","timestamp":"2025-07-07T15:24:36.109Z"}
{"context":"RoutesResolver","level":"info","message":"CategoryController {/api/category}:","timestamp":"2025-07-07T15:24:36.109Z"}
{"context":"RouterExplorer","level":"info","message":"Mapped {/api/category, POST} route","timestamp":"2025-07-07T15:24:36.109Z"}
{"context":"RouterExplorer","level":"info","message":"Mapped {/api/category, GET} route","timestamp":"2025-07-07T15:24:36.109Z"}
{"context":"RouterExplorer","level":"info","message":"Mapped {/api/category/:id, GET} route","timestamp":"2025-07-07T15:24:36.109Z"}
{"context":"RouterExplorer","level":"info","message":"Mapped {/api/category/:id, PUT} route","timestamp":"2025-07-07T15:24:36.109Z"}
{"context":"RouterExplorer","level":"info","message":"Mapped {/api/category/:id, DELETE} route","timestamp":"2025-07-07T15:24:36.109Z"}
{"context":"NestApplication","level":"info","message":"Nest application successfully started","timestamp":"2025-07-07T15:24:36.117Z"}
{"context":"NestApplication","level":"error","message":"Error: listen EADDRINUSE: address already in use :::3000","stack":[null],"timestamp":"2025-07-07T15:24:36.118Z"}
{"date":"Mon Jul 07 2025 20:24:36 GMT+0500 (Узбекистан, стандартное время)","error":{"address":"::","code":"EADDRINUSE","errno":-48,"port":3000,"syscall":"listen"},"level":"error","message":"unhandledRejection: listen EADDRINUSE: address already in use :::3000\nError: listen EADDRINUSE: address already in use :::3000\n    at Server.setupListenHandle [as _listen2] (node:net:1940:16)\n    at listenInCluster (node:net:1997:12)\n    at Server.listen (node:net:2102:7)\n    at ExpressAdapter.listen (/Users/sherzod/my_projects/Decorify/Decorify/node_modules/@nestjs/platform-express/adapters/express-adapter.js:95:32)\n    at /Users/sherzod/my_projects/Decorify/Decorify/node_modules/@nestjs/core/nest-application.js:183:30\n    at new Promise (<anonymous>)\n    at NestApplication.listen (/Users/sherzod/my_projects/Decorify/Decorify/node_modules/@nestjs/core/nest-application.js:173:16)\n    at bootstrap (/Users/sherzod/my_projects/Decorify/Decorify/dist/apps/api-gateway/main.js:4488:5)","os":{"loadavg":[4.1513671875,3.43505859375,4.70947265625],"uptime":1338154},"process":{"argv":["/opt/homebrew/Cellar/node/24.2.0/bin/node","/Users/sherzod/my_projects/Decorify/Decorify/node_modules/@nx/js/src/executors/node/node-with-require-overrides"],"cwd":"/Users/sherzod/my_projects/Decorify/Decorify","execPath":"/opt/homebrew/Cellar/node/24.2.0/bin/node","gid":20,"memoryUsage":{"arrayBuffers":101175,"external":2833934,"heapTotal":104497152,"heapUsed":45782728,"rss":168050688},"pid":95767,"uid":501,"version":"v24.2.0"},"rejection":true,"stack":"Error: listen EADDRINUSE: address already in use :::3000\n    at Server.setupListenHandle [as _listen2] (node:net:1940:16)\n    at listenInCluster (node:net:1997:12)\n    at Server.listen (node:net:2102:7)\n    at ExpressAdapter.listen (/Users/sherzod/my_projects/Decorify/Decorify/node_modules/@nestjs/platform-express/adapters/express-adapter.js:95:32)\n    at /Users/sherzod/my_projects/Decorify/Decorify/node_modules/@nestjs/core/nest-application.js:183:30\n    at new Promise (<anonymous>)\n    at NestApplication.listen (/Users/sherzod/my_projects/Decorify/Decorify/node_modules/@nestjs/core/nest-application.js:173:16)\n    at bootstrap (/Users/sherzod/my_projects/Decorify/Decorify/dist/apps/api-gateway/main.js:4488:5)","timestamp":"2025-07-07T15:24:36.120Z","trace":[{"column":16,"file":"node:net","function":"Server.setupListenHandle [as _listen2]","line":1940,"method":"setupListenHandle [as _listen2]","native":false},{"column":12,"file":"node:net","function":"listenInCluster","line":1997,"method":null,"native":false},{"column":7,"file":"node:net","function":"Server.listen","line":2102,"method":"listen","native":false},{"column":32,"file":"/Users/sherzod/my_projects/Decorify/Decorify/node_modules/@nestjs/platform-express/adapters/express-adapter.js","function":"ExpressAdapter.listen","line":95,"method":"listen","native":false},{"column":30,"file":"/Users/sherzod/my_projects/Decorify/Decorify/node_modules/@nestjs/core/nest-application.js","function":null,"line":183,"method":null,"native":false},{"column":null,"file":null,"function":"new Promise","line":null,"method":null,"native":false},{"column":16,"file":"/Users/sherzod/my_projects/Decorify/Decorify/node_modules/@nestjs/core/nest-application.js","function":"NestApplication.listen","line":173,"method":"listen","native":false},{"column":5,"file":"/Users/sherzod/my_projects/Decorify/Decorify/dist/apps/api-gateway/main.js","function":"bootstrap","line":4488,"method":null,"native":false}]}
{"context":"NestFactory","level":"info","message":"Starting Nest application...","timestamp":"2025-07-07T15:24:47.962Z"}
{"context":"ModuleTokenFactory","level":"warn","message":"The module \"ClientsModule\" is taking 10.98ms to serialize, this may be caused by larger objects statically assigned to the module. More details: https://github.com/nestjs/nest/issues/12738","timestamp":"2025-07-07T15:24:47.979Z"}
{"context":"ModuleTokenFactory","level":"warn","message":"The module \"ClientsModule\" is taking 11.80ms to serialize, this may be caused by larger objects statically assigned to the module. More details: https://github.com/nestjs/nest/issues/12738","timestamp":"2025-07-07T15:24:48.011Z"}
{"context":"InstanceLoader","level":"info","message":"ClientsModule dependencies initialized","timestamp":"2025-07-07T15:24:48.028Z"}
{"context":"InstanceLoader","level":"info","message":"ClientsModule dependencies initialized","timestamp":"2025-07-07T15:24:48.028Z"}
{"context":"InstanceLoader","level":"info","message":"ClientsModule dependencies initialized","timestamp":"2025-07-07T15:24:48.028Z"}
{"context":"InstanceLoader","level":"info","message":"ClientsModule dependencies initialized","timestamp":"2025-07-07T15:24:48.028Z"}
{"context":"InstanceLoader","level":"info","message":"ClientsModule dependencies initialized","timestamp":"2025-07-07T15:24:48.028Z"}
{"context":"InstanceLoader","level":"info","message":"ClientsModule dependencies initialized","timestamp":"2025-07-07T15:24:48.028Z"}
{"context":"InstanceLoader","level":"info","message":"ClientsModule dependencies initialized","timestamp":"2025-07-07T15:24:48.028Z"}
{"context":"InstanceLoader","level":"info","message":"ClientsModule dependencies initialized","timestamp":"2025-07-07T15:24:48.028Z"}
{"context":"InstanceLoader","level":"info","message":"ThrottlerModule dependencies initialized","timestamp":"2025-07-07T15:24:48.028Z"}
{"context":"InstanceLoader","level":"info","message":"TestModule dependencies initialized","timestamp":"2025-07-07T15:24:48.028Z"}
{"context":"InstanceLoader","level":"info","message":"AppModule dependencies initialized","timestamp":"2025-07-07T15:24:48.029Z"}
{"context":"InstanceLoader","level":"info","message":"HealthModule dependencies initialized","timestamp":"2025-07-07T15:24:48.029Z"}
{"context":"InstanceLoader","level":"info","message":"AuthModule dependencies initialized","timestamp":"2025-07-07T15:24:48.029Z"}
{"context":"InstanceLoader","level":"info","message":"ProductModule dependencies initialized","timestamp":"2025-07-07T15:24:48.029Z"}
{"context":"InstanceLoader","level":"info","message":"OrderModule dependencies initialized","timestamp":"2025-07-07T15:24:48.029Z"}
{"context":"InstanceLoader","level":"info","message":"CartModule dependencies initialized","timestamp":"2025-07-07T15:24:48.029Z"}
{"context":"InstanceLoader","level":"info","message":"VendorModule dependencies initialized","timestamp":"2025-07-07T15:24:48.029Z"}
{"context":"InstanceLoader","level":"info","message":"PaymentModule dependencies initialized","timestamp":"2025-07-07T15:24:48.029Z"}
{"context":"InstanceLoader","level":"info","message":"CategoryModule dependencies initialized","timestamp":"2025-07-07T15:24:48.029Z"}
{"context":"RoutesResolver","level":"info","message":"AuthController {/api/auth}:","timestamp":"2025-07-07T15:24:48.046Z"}
{"context":"RouterExplorer","level":"info","message":"Mapped {/api/auth/register, POST} route","timestamp":"2025-07-07T15:24:48.047Z"}
{"context":"RouterExplorer","level":"info","message":"Mapped {/api/auth/login, POST} route","timestamp":"2025-07-07T15:24:48.047Z"}
{"context":"RoutesResolver","level":"info","message":"HealthController {/api/health}:","timestamp":"2025-07-07T15:24:48.047Z"}
{"context":"RouterExplorer","level":"info","message":"Mapped {/api/health, GET} route","timestamp":"2025-07-07T15:24:48.047Z"}
{"context":"RouterExplorer","level":"info","message":"Mapped {/api/health/ready, GET} route","timestamp":"2025-07-07T15:24:48.047Z"}
{"context":"RouterExplorer","level":"info","message":"Mapped {/api/health/live, GET} route","timestamp":"2025-07-07T15:24:48.048Z"}
{"context":"RoutesResolver","level":"info","message":"TestController {/api/test}:","timestamp":"2025-07-07T15:24:48.048Z"}
{"context":"RouterExplorer","level":"info","message":"Mapped {/api/test/health, GET} route","timestamp":"2025-07-07T15:24:48.048Z"}
{"context":"RouterExplorer","level":"info","message":"Mapped {/api/test/security-headers, GET} route","timestamp":"2025-07-07T15:24:48.048Z"}
{"context":"RoutesResolver","level":"info","message":"ProductController {/api/product}:","timestamp":"2025-07-07T15:24:48.048Z"}
{"context":"RouterExplorer","level":"info","message":"Mapped {/api/product, POST} route","timestamp":"2025-07-07T15:24:48.048Z"}
{"context":"RouterExplorer","level":"info","message":"Mapped {/api/product/:id, GET} route","timestamp":"2025-07-07T15:24:48.048Z"}
{"context":"RouterExplorer","level":"info","message":"Mapped {/api/product, GET} route","timestamp":"2025-07-07T15:24:48.048Z"}
{"context":"RouterExplorer","level":"info","message":"Mapped {/api/product/:id, PUT} route","timestamp":"2025-07-07T15:24:48.048Z"}
{"context":"RouterExplorer","level":"info","message":"Mapped {/api/product/:id, DELETE} route","timestamp":"2025-07-07T15:24:48.048Z"}
{"context":"RoutesResolver","level":"info","message":"OrderController {/api/order}:","timestamp":"2025-07-07T15:24:48.048Z"}
{"context":"RouterExplorer","level":"info","message":"Mapped {/api/order, POST} route","timestamp":"2025-07-07T15:24:48.048Z"}
{"context":"RouterExplorer","level":"info","message":"Mapped {/api/order, GET} route","timestamp":"2025-07-07T15:24:48.048Z"}
{"context":"RouterExplorer","level":"info","message":"Mapped {/api/order/:id, GET} route","timestamp":"2025-07-07T15:24:48.049Z"}
{"context":"RoutesResolver","level":"info","message":"CartController {/api/cart}:","timestamp":"2025-07-07T15:24:48.049Z"}
{"context":"RouterExplorer","level":"info","message":"Mapped {/api/cart, GET} route","timestamp":"2025-07-07T15:24:48.049Z"}
{"context":"RouterExplorer","level":"info","message":"Mapped {/api/cart/add, POST} route","timestamp":"2025-07-07T15:24:48.049Z"}
{"context":"RouterExplorer","level":"info","message":"Mapped {/api/cart/update, PUT} route","timestamp":"2025-07-07T15:24:48.049Z"}
{"context":"RouterExplorer","level":"info","message":"Mapped {/api/cart/remove/:productId, DELETE} route","timestamp":"2025-07-07T15:24:48.049Z"}
{"context":"RouterExplorer","level":"info","message":"Mapped {/api/cart/clear, DELETE} route","timestamp":"2025-07-07T15:24:48.049Z"}
{"context":"RoutesResolver","level":"info","message":"VendorController {/api/vendor}:","timestamp":"2025-07-07T15:24:48.049Z"}
{"context":"RouterExplorer","level":"info","message":"Mapped {/api/vendor, POST} route","timestamp":"2025-07-07T15:24:48.049Z"}
{"context":"RouterExplorer","level":"info","message":"Mapped {/api/vendor/:id, GET} route","timestamp":"2025-07-07T15:24:48.049Z"}
{"context":"RouterExplorer","level":"info","message":"Mapped {/api/vendor, GET} route","timestamp":"2025-07-07T15:24:48.049Z"}
{"context":"RouterExplorer","level":"info","message":"Mapped {/api/vendor/:id, PUT} route","timestamp":"2025-07-07T15:24:48.049Z"}
{"context":"RoutesResolver","level":"info","message":"PaymentController {/api/payment}:","timestamp":"2025-07-07T15:24:48.049Z"}
{"context":"RouterExplorer","level":"info","message":"Mapped {/api/payment/process, POST} route","timestamp":"2025-07-07T15:24:48.049Z"}
{"context":"RouterExplorer","level":"info","message":"Mapped {/api/payment/status/:paymentId, GET} route","timestamp":"2025-07-07T15:24:48.049Z"}
{"context":"RouterExplorer","level":"info","message":"Mapped {/api/payment/refund, POST} route","timestamp":"2025-07-07T15:24:48.049Z"}
{"context":"RoutesResolver","level":"info","message":"CategoryController {/api/category}:","timestamp":"2025-07-07T15:24:48.049Z"}
{"context":"RouterExplorer","level":"info","message":"Mapped {/api/category, POST} route","timestamp":"2025-07-07T15:24:48.049Z"}
{"context":"RouterExplorer","level":"info","message":"Mapped {/api/category, GET} route","timestamp":"2025-07-07T15:24:48.049Z"}
{"context":"RouterExplorer","level":"info","message":"Mapped {/api/category/:id, GET} route","timestamp":"2025-07-07T15:24:48.049Z"}
{"context":"RouterExplorer","level":"info","message":"Mapped {/api/category/:id, PUT} route","timestamp":"2025-07-07T15:24:48.049Z"}
{"context":"RouterExplorer","level":"info","message":"Mapped {/api/category/:id, DELETE} route","timestamp":"2025-07-07T15:24:48.049Z"}
{"context":"NestApplication","level":"info","message":"Nest application successfully started","timestamp":"2025-07-07T15:24:48.058Z"}
{"level":"info","message":"🚀 Application is running on: http://localhost:3000/api","timestamp":"2025-07-07T15:24:48.059Z"}
{"level":"info","message":"📚 API Documentation is available at: http://localhost:3000/docs","timestamp":"2025-07-07T15:24:48.059Z"}
{"level":"info","message":"🔒 HTTPS is DISABLED","timestamp":"2025-07-07T15:24:48.059Z"}
{"context":"NestFactory","level":"info","message":"Starting Nest application...","timestamp":"2025-07-07T15:24:47.962Z"}
{"context":"ModuleTokenFactory","level":"warn","message":"The module \"ClientsModule\" is taking 10.90ms to serialize, this may be caused by larger objects statically assigned to the module. More details: https://github.com/nestjs/nest/issues/12738","timestamp":"2025-07-07T15:24:47.979Z"}
{"context":"ModuleTokenFactory","level":"warn","message":"The module \"ClientsModule\" is taking 11.99ms to serialize, this may be caused by larger objects statically assigned to the module. More details: https://github.com/nestjs/nest/issues/12738","timestamp":"2025-07-07T15:24:48.011Z"}
{"context":"InstanceLoader","level":"info","message":"ClientsModule dependencies initialized","timestamp":"2025-07-07T15:24:48.027Z"}
{"context":"InstanceLoader","level":"info","message":"ClientsModule dependencies initialized","timestamp":"2025-07-07T15:24:48.027Z"}
{"context":"InstanceLoader","level":"info","message":"ClientsModule dependencies initialized","timestamp":"2025-07-07T15:24:48.027Z"}
{"context":"InstanceLoader","level":"info","message":"ClientsModule dependencies initialized","timestamp":"2025-07-07T15:24:48.027Z"}
{"context":"InstanceLoader","level":"info","message":"ClientsModule dependencies initialized","timestamp":"2025-07-07T15:24:48.027Z"}
{"context":"InstanceLoader","level":"info","message":"ClientsModule dependencies initialized","timestamp":"2025-07-07T15:24:48.027Z"}
{"context":"InstanceLoader","level":"info","message":"ClientsModule dependencies initialized","timestamp":"2025-07-07T15:24:48.027Z"}
{"context":"InstanceLoader","level":"info","message":"ClientsModule dependencies initialized","timestamp":"2025-07-07T15:24:48.027Z"}
{"context":"InstanceLoader","level":"info","message":"ThrottlerModule dependencies initialized","timestamp":"2025-07-07T15:24:48.028Z"}
{"context":"InstanceLoader","level":"info","message":"TestModule dependencies initialized","timestamp":"2025-07-07T15:24:48.028Z"}
{"context":"InstanceLoader","level":"info","message":"AppModule dependencies initialized","timestamp":"2025-07-07T15:24:48.028Z"}
{"context":"InstanceLoader","level":"info","message":"HealthModule dependencies initialized","timestamp":"2025-07-07T15:24:48.028Z"}
{"context":"InstanceLoader","level":"info","message":"AuthModule dependencies initialized","timestamp":"2025-07-07T15:24:48.028Z"}
{"context":"InstanceLoader","level":"info","message":"ProductModule dependencies initialized","timestamp":"2025-07-07T15:24:48.028Z"}
{"context":"InstanceLoader","level":"info","message":"OrderModule dependencies initialized","timestamp":"2025-07-07T15:24:48.028Z"}
{"context":"InstanceLoader","level":"info","message":"CartModule dependencies initialized","timestamp":"2025-07-07T15:24:48.028Z"}
{"context":"InstanceLoader","level":"info","message":"VendorModule dependencies initialized","timestamp":"2025-07-07T15:24:48.028Z"}
{"context":"InstanceLoader","level":"info","message":"PaymentModule dependencies initialized","timestamp":"2025-07-07T15:24:48.028Z"}
{"context":"InstanceLoader","level":"info","message":"CategoryModule dependencies initialized","timestamp":"2025-07-07T15:24:48.028Z"}
{"context":"RoutesResolver","level":"info","message":"AuthController {/api/auth}:","timestamp":"2025-07-07T15:24:48.046Z"}
{"context":"RouterExplorer","level":"info","message":"Mapped {/api/auth/register, POST} route","timestamp":"2025-07-07T15:24:48.047Z"}
{"context":"RouterExplorer","level":"info","message":"Mapped {/api/auth/login, POST} route","timestamp":"2025-07-07T15:24:48.047Z"}
{"context":"RoutesResolver","level":"info","message":"HealthController {/api/health}:","timestamp":"2025-07-07T15:24:48.047Z"}
{"context":"RouterExplorer","level":"info","message":"Mapped {/api/health, GET} route","timestamp":"2025-07-07T15:24:48.047Z"}
{"context":"RouterExplorer","level":"info","message":"Mapped {/api/health/ready, GET} route","timestamp":"2025-07-07T15:24:48.047Z"}
{"context":"RouterExplorer","level":"info","message":"Mapped {/api/health/live, GET} route","timestamp":"2025-07-07T15:24:48.047Z"}
{"context":"RoutesResolver","level":"info","message":"TestController {/api/test}:","timestamp":"2025-07-07T15:24:48.048Z"}
{"context":"RouterExplorer","level":"info","message":"Mapped {/api/test/health, GET} route","timestamp":"2025-07-07T15:24:48.048Z"}
{"context":"RouterExplorer","level":"info","message":"Mapped {/api/test/security-headers, GET} route","timestamp":"2025-07-07T15:24:48.048Z"}
{"context":"RoutesResolver","level":"info","message":"ProductController {/api/product}:","timestamp":"2025-07-07T15:24:48.048Z"}
{"context":"RouterExplorer","level":"info","message":"Mapped {/api/product, POST} route","timestamp":"2025-07-07T15:24:48.048Z"}
{"context":"RouterExplorer","level":"info","message":"Mapped {/api/product/:id, GET} route","timestamp":"2025-07-07T15:24:48.048Z"}
{"context":"RouterExplorer","level":"info","message":"Mapped {/api/product, GET} route","timestamp":"2025-07-07T15:24:48.048Z"}
{"context":"RouterExplorer","level":"info","message":"Mapped {/api/product/:id, PUT} route","timestamp":"2025-07-07T15:24:48.048Z"}
{"context":"RouterExplorer","level":"info","message":"Mapped {/api/product/:id, DELETE} route","timestamp":"2025-07-07T15:24:48.048Z"}
{"context":"RoutesResolver","level":"info","message":"OrderController {/api/order}:","timestamp":"2025-07-07T15:24:48.048Z"}
{"context":"RouterExplorer","level":"info","message":"Mapped {/api/order, POST} route","timestamp":"2025-07-07T15:24:48.048Z"}
{"context":"RouterExplorer","level":"info","message":"Mapped {/api/order, GET} route","timestamp":"2025-07-07T15:24:48.049Z"}
{"context":"RouterExplorer","level":"info","message":"Mapped {/api/order/:id, GET} route","timestamp":"2025-07-07T15:24:48.049Z"}
{"context":"RoutesResolver","level":"info","message":"CartController {/api/cart}:","timestamp":"2025-07-07T15:24:48.049Z"}
{"context":"RouterExplorer","level":"info","message":"Mapped {/api/cart, GET} route","timestamp":"2025-07-07T15:24:48.049Z"}
{"context":"RouterExplorer","level":"info","message":"Mapped {/api/cart/add, POST} route","timestamp":"2025-07-07T15:24:48.049Z"}
{"context":"RouterExplorer","level":"info","message":"Mapped {/api/cart/update, PUT} route","timestamp":"2025-07-07T15:24:48.049Z"}
{"context":"RouterExplorer","level":"info","message":"Mapped {/api/cart/remove/:productId, DELETE} route","timestamp":"2025-07-07T15:24:48.049Z"}
{"context":"RouterExplorer","level":"info","message":"Mapped {/api/cart/clear, DELETE} route","timestamp":"2025-07-07T15:24:48.049Z"}
{"context":"RoutesResolver","level":"info","message":"VendorController {/api/vendor}:","timestamp":"2025-07-07T15:24:48.049Z"}
{"context":"RouterExplorer","level":"info","message":"Mapped {/api/vendor, POST} route","timestamp":"2025-07-07T15:24:48.049Z"}
{"context":"RouterExplorer","level":"info","message":"Mapped {/api/vendor/:id, GET} route","timestamp":"2025-07-07T15:24:48.049Z"}
{"context":"RouterExplorer","level":"info","message":"Mapped {/api/vendor, GET} route","timestamp":"2025-07-07T15:24:48.049Z"}
{"context":"RouterExplorer","level":"info","message":"Mapped {/api/vendor/:id, PUT} route","timestamp":"2025-07-07T15:24:48.049Z"}
{"context":"RoutesResolver","level":"info","message":"PaymentController {/api/payment}:","timestamp":"2025-07-07T15:24:48.049Z"}
{"context":"RouterExplorer","level":"info","message":"Mapped {/api/payment/process, POST} route","timestamp":"2025-07-07T15:24:48.049Z"}
{"context":"RouterExplorer","level":"info","message":"Mapped {/api/payment/status/:paymentId, GET} route","timestamp":"2025-07-07T15:24:48.049Z"}
{"context":"RouterExplorer","level":"info","message":"Mapped {/api/payment/refund, POST} route","timestamp":"2025-07-07T15:24:48.049Z"}
{"context":"RoutesResolver","level":"info","message":"CategoryController {/api/category}:","timestamp":"2025-07-07T15:24:48.049Z"}
{"context":"RouterExplorer","level":"info","message":"Mapped {/api/category, POST} route","timestamp":"2025-07-07T15:24:48.049Z"}
{"context":"RouterExplorer","level":"info","message":"Mapped {/api/category, GET} route","timestamp":"2025-07-07T15:24:48.049Z"}
{"context":"RouterExplorer","level":"info","message":"Mapped {/api/category/:id, GET} route","timestamp":"2025-07-07T15:24:48.049Z"}
{"context":"RouterExplorer","level":"info","message":"Mapped {/api/category/:id, PUT} route","timestamp":"2025-07-07T15:24:48.049Z"}
{"context":"RouterExplorer","level":"info","message":"Mapped {/api/category/:id, DELETE} route","timestamp":"2025-07-07T15:24:48.049Z"}
{"context":"NestApplication","level":"info","message":"Nest application successfully started","timestamp":"2025-07-07T15:24:48.058Z"}
{"context":"NestApplication","level":"error","message":"Error: listen EADDRINUSE: address already in use :::3000","stack":[null],"timestamp":"2025-07-07T15:24:48.059Z"}
{"date":"Mon Jul 07 2025 20:24:48 GMT+0500 (Узбекистан, стандартное время)","error":{"address":"::","code":"EADDRINUSE","errno":-48,"port":3000,"syscall":"listen"},"level":"error","message":"unhandledRejection: listen EADDRINUSE: address already in use :::3000\nError: listen EADDRINUSE: address already in use :::3000\n    at Server.setupListenHandle [as _listen2] (node:net:1940:16)\n    at listenInCluster (node:net:1997:12)\n    at Server.listen (node:net:2102:7)\n    at ExpressAdapter.listen (/Users/sherzod/my_projects/Decorify/Decorify/node_modules/@nestjs/platform-express/adapters/express-adapter.js:95:32)\n    at /Users/sherzod/my_projects/Decorify/Decorify/node_modules/@nestjs/core/nest-application.js:183:30\n    at new Promise (<anonymous>)\n    at NestApplication.listen (/Users/sherzod/my_projects/Decorify/Decorify/node_modules/@nestjs/core/nest-application.js:173:16)\n    at bootstrap (/Users/sherzod/my_projects/Decorify/Decorify/dist/apps/api-gateway/main.js:4488:5)","os":{"loadavg":[3.97412109375,3.42041015625,4.68896484375],"uptime":1338166},"process":{"argv":["/opt/homebrew/Cellar/node/24.2.0/bin/node","/Users/sherzod/my_projects/Decorify/Decorify/node_modules/@nx/js/src/executors/node/node-with-require-overrides"],"cwd":"/Users/sherzod/my_projects/Decorify/Decorify","execPath":"/opt/homebrew/Cellar/node/24.2.0/bin/node","gid":20,"memoryUsage":{"arrayBuffers":101175,"external":2833934,"heapTotal":105775104,"heapUsed":52941080,"rss":171606016},"pid":95837,"uid":501,"version":"v24.2.0"},"rejection":true,"stack":"Error: listen EADDRINUSE: address already in use :::3000\n    at Server.setupListenHandle [as _listen2] (node:net:1940:16)\n    at listenInCluster (node:net:1997:12)\n    at Server.listen (node:net:2102:7)\n    at ExpressAdapter.listen (/Users/sherzod/my_projects/Decorify/Decorify/node_modules/@nestjs/platform-express/adapters/express-adapter.js:95:32)\n    at /Users/sherzod/my_projects/Decorify/Decorify/node_modules/@nestjs/core/nest-application.js:183:30\n    at new Promise (<anonymous>)\n    at NestApplication.listen (/Users/sherzod/my_projects/Decorify/Decorify/node_modules/@nestjs/core/nest-application.js:173:16)\n    at bootstrap (/Users/sherzod/my_projects/Decorify/Decorify/dist/apps/api-gateway/main.js:4488:5)","timestamp":"2025-07-07T15:24:48.061Z","trace":[{"column":16,"file":"node:net","function":"Server.setupListenHandle [as _listen2]","line":1940,"method":"setupListenHandle [as _listen2]","native":false},{"column":12,"file":"node:net","function":"listenInCluster","line":1997,"method":null,"native":false},{"column":7,"file":"node:net","function":"Server.listen","line":2102,"method":"listen","native":false},{"column":32,"file":"/Users/sherzod/my_projects/Decorify/Decorify/node_modules/@nestjs/platform-express/adapters/express-adapter.js","function":"ExpressAdapter.listen","line":95,"method":"listen","native":false},{"column":30,"file":"/Users/sherzod/my_projects/Decorify/Decorify/node_modules/@nestjs/core/nest-application.js","function":null,"line":183,"method":null,"native":false},{"column":null,"file":null,"function":"new Promise","line":null,"method":null,"native":false},{"column":16,"file":"/Users/sherzod/my_projects/Decorify/Decorify/node_modules/@nestjs/core/nest-application.js","function":"NestApplication.listen","line":173,"method":"listen","native":false},{"column":5,"file":"/Users/sherzod/my_projects/Decorify/Decorify/dist/apps/api-gateway/main.js","function":"bootstrap","line":4488,"method":null,"native":false}]}
{"context":"NestFactory","level":"info","message":"Starting Nest application...","timestamp":"2025-07-07T15:25:00.051Z"}
{"context":"ModuleTokenFactory","level":"warn","message":"The module \"ClientsModule\" is taking 10.93ms to serialize, this may be caused by larger objects statically assigned to the module. More details: https://github.com/nestjs/nest/issues/12738","timestamp":"2025-07-07T15:25:00.068Z"}
{"context":"ModuleTokenFactory","level":"warn","message":"The module \"ClientsModule\" is taking 12.30ms to serialize, this may be caused by larger objects statically assigned to the module. More details: https://github.com/nestjs/nest/issues/12738","timestamp":"2025-07-07T15:25:00.100Z"}
{"context":"InstanceLoader","level":"info","message":"ClientsModule dependencies initialized","timestamp":"2025-07-07T15:25:00.118Z"}
{"context":"InstanceLoader","level":"info","message":"ClientsModule dependencies initialized","timestamp":"2025-07-07T15:25:00.118Z"}
{"context":"InstanceLoader","level":"info","message":"ClientsModule dependencies initialized","timestamp":"2025-07-07T15:25:00.118Z"}
{"context":"InstanceLoader","level":"info","message":"ClientsModule dependencies initialized","timestamp":"2025-07-07T15:25:00.118Z"}
{"context":"InstanceLoader","level":"info","message":"ClientsModule dependencies initialized","timestamp":"2025-07-07T15:25:00.118Z"}
{"context":"InstanceLoader","level":"info","message":"ClientsModule dependencies initialized","timestamp":"2025-07-07T15:25:00.118Z"}
{"context":"InstanceLoader","level":"info","message":"ClientsModule dependencies initialized","timestamp":"2025-07-07T15:25:00.118Z"}
{"context":"InstanceLoader","level":"info","message":"ClientsModule dependencies initialized","timestamp":"2025-07-07T15:25:00.118Z"}
{"context":"InstanceLoader","level":"info","message":"ThrottlerModule dependencies initialized","timestamp":"2025-07-07T15:25:00.118Z"}
{"context":"InstanceLoader","level":"info","message":"TestModule dependencies initialized","timestamp":"2025-07-07T15:25:00.118Z"}
{"context":"InstanceLoader","level":"info","message":"AppModule dependencies initialized","timestamp":"2025-07-07T15:25:00.118Z"}
{"context":"InstanceLoader","level":"info","message":"HealthModule dependencies initialized","timestamp":"2025-07-07T15:25:00.118Z"}
{"context":"InstanceLoader","level":"info","message":"AuthModule dependencies initialized","timestamp":"2025-07-07T15:25:00.119Z"}
{"context":"InstanceLoader","level":"info","message":"ProductModule dependencies initialized","timestamp":"2025-07-07T15:25:00.119Z"}
{"context":"InstanceLoader","level":"info","message":"OrderModule dependencies initialized","timestamp":"2025-07-07T15:25:00.119Z"}
{"context":"InstanceLoader","level":"info","message":"CartModule dependencies initialized","timestamp":"2025-07-07T15:25:00.119Z"}
{"context":"InstanceLoader","level":"info","message":"VendorModule dependencies initialized","timestamp":"2025-07-07T15:25:00.119Z"}
{"context":"InstanceLoader","level":"info","message":"PaymentModule dependencies initialized","timestamp":"2025-07-07T15:25:00.119Z"}
{"context":"InstanceLoader","level":"info","message":"CategoryModule dependencies initialized","timestamp":"2025-07-07T15:25:00.119Z"}
{"context":"RoutesResolver","level":"info","message":"AuthController {/api/auth}:","timestamp":"2025-07-07T15:25:00.137Z"}
{"context":"RouterExplorer","level":"info","message":"Mapped {/api/auth/register, POST} route","timestamp":"2025-07-07T15:25:00.137Z"}
{"context":"RouterExplorer","level":"info","message":"Mapped {/api/auth/login, POST} route","timestamp":"2025-07-07T15:25:00.138Z"}
{"context":"RoutesResolver","level":"info","message":"HealthController {/api/health}:","timestamp":"2025-07-07T15:25:00.138Z"}
{"context":"RouterExplorer","level":"info","message":"Mapped {/api/health, GET} route","timestamp":"2025-07-07T15:25:00.138Z"}
{"context":"RouterExplorer","level":"info","message":"Mapped {/api/health/ready, GET} route","timestamp":"2025-07-07T15:25:00.138Z"}
{"context":"RouterExplorer","level":"info","message":"Mapped {/api/health/live, GET} route","timestamp":"2025-07-07T15:25:00.138Z"}
{"context":"RoutesResolver","level":"info","message":"TestController {/api/test}:","timestamp":"2025-07-07T15:25:00.138Z"}
{"context":"RouterExplorer","level":"info","message":"Mapped {/api/test/health, GET} route","timestamp":"2025-07-07T15:25:00.138Z"}
{"context":"RouterExplorer","level":"info","message":"Mapped {/api/test/security-headers, GET} route","timestamp":"2025-07-07T15:25:00.138Z"}
{"context":"RoutesResolver","level":"info","message":"ProductController {/api/product}:","timestamp":"2025-07-07T15:25:00.138Z"}
{"context":"RouterExplorer","level":"info","message":"Mapped {/api/product, POST} route","timestamp":"2025-07-07T15:25:00.138Z"}
{"context":"RouterExplorer","level":"info","message":"Mapped {/api/product/:id, GET} route","timestamp":"2025-07-07T15:25:00.138Z"}
{"context":"RouterExplorer","level":"info","message":"Mapped {/api/product, GET} route","timestamp":"2025-07-07T15:25:00.138Z"}
{"context":"RouterExplorer","level":"info","message":"Mapped {/api/product/:id, PUT} route","timestamp":"2025-07-07T15:25:00.138Z"}
{"context":"RouterExplorer","level":"info","message":"Mapped {/api/product/:id, DELETE} route","timestamp":"2025-07-07T15:25:00.138Z"}
{"context":"RoutesResolver","level":"info","message":"OrderController {/api/order}:","timestamp":"2025-07-07T15:25:00.138Z"}
{"context":"RouterExplorer","level":"info","message":"Mapped {/api/order, POST} route","timestamp":"2025-07-07T15:25:00.138Z"}
{"context":"RouterExplorer","level":"info","message":"Mapped {/api/order, GET} route","timestamp":"2025-07-07T15:25:00.139Z"}
{"context":"RouterExplorer","level":"info","message":"Mapped {/api/order/:id, GET} route","timestamp":"2025-07-07T15:25:00.139Z"}
{"context":"RoutesResolver","level":"info","message":"CartController {/api/cart}:","timestamp":"2025-07-07T15:25:00.139Z"}
{"context":"RouterExplorer","level":"info","message":"Mapped {/api/cart, GET} route","timestamp":"2025-07-07T15:25:00.139Z"}
{"context":"RouterExplorer","level":"info","message":"Mapped {/api/cart/add, POST} route","timestamp":"2025-07-07T15:25:00.139Z"}
{"context":"RouterExplorer","level":"info","message":"Mapped {/api/cart/update, PUT} route","timestamp":"2025-07-07T15:25:00.139Z"}
{"context":"RouterExplorer","level":"info","message":"Mapped {/api/cart/remove/:productId, DELETE} route","timestamp":"2025-07-07T15:25:00.139Z"}
{"context":"RouterExplorer","level":"info","message":"Mapped {/api/cart/clear, DELETE} route","timestamp":"2025-07-07T15:25:00.139Z"}
{"context":"RoutesResolver","level":"info","message":"VendorController {/api/vendor}:","timestamp":"2025-07-07T15:25:00.139Z"}
{"context":"RouterExplorer","level":"info","message":"Mapped {/api/vendor, POST} route","timestamp":"2025-07-07T15:25:00.139Z"}
{"context":"RouterExplorer","level":"info","message":"Mapped {/api/vendor/:id, GET} route","timestamp":"2025-07-07T15:25:00.139Z"}
{"context":"RouterExplorer","level":"info","message":"Mapped {/api/vendor, GET} route","timestamp":"2025-07-07T15:25:00.139Z"}
{"context":"RouterExplorer","level":"info","message":"Mapped {/api/vendor/:id, PUT} route","timestamp":"2025-07-07T15:25:00.139Z"}
{"context":"RoutesResolver","level":"info","message":"PaymentController {/api/payment}:","timestamp":"2025-07-07T15:25:00.139Z"}
{"context":"RouterExplorer","level":"info","message":"Mapped {/api/payment/process, POST} route","timestamp":"2025-07-07T15:25:00.139Z"}
{"context":"RouterExplorer","level":"info","message":"Mapped {/api/payment/status/:paymentId, GET} route","timestamp":"2025-07-07T15:25:00.139Z"}
{"context":"RouterExplorer","level":"info","message":"Mapped {/api/payment/refund, POST} route","timestamp":"2025-07-07T15:25:00.139Z"}
{"context":"RoutesResolver","level":"info","message":"CategoryController {/api/category}:","timestamp":"2025-07-07T15:25:00.139Z"}
{"context":"RouterExplorer","level":"info","message":"Mapped {/api/category, POST} route","timestamp":"2025-07-07T15:25:00.139Z"}
{"context":"RouterExplorer","level":"info","message":"Mapped {/api/category, GET} route","timestamp":"2025-07-07T15:25:00.139Z"}
{"context":"RouterExplorer","level":"info","message":"Mapped {/api/category/:id, GET} route","timestamp":"2025-07-07T15:25:00.139Z"}
{"context":"RouterExplorer","level":"info","message":"Mapped {/api/category/:id, PUT} route","timestamp":"2025-07-07T15:25:00.140Z"}
{"context":"RouterExplorer","level":"info","message":"Mapped {/api/category/:id, DELETE} route","timestamp":"2025-07-07T15:25:00.140Z"}
{"context":"NestApplication","level":"info","message":"Nest application successfully started","timestamp":"2025-07-07T15:25:00.149Z"}
{"level":"info","message":"🚀 Application is running on: http://localhost:3000/api","timestamp":"2025-07-07T15:25:00.150Z"}
{"level":"info","message":"📚 API Documentation is available at: http://localhost:3000/docs","timestamp":"2025-07-07T15:25:00.150Z"}
{"level":"info","message":"🔒 HTTPS is DISABLED","timestamp":"2025-07-07T15:25:00.150Z"}
{"context":"NestFactory","level":"info","message":"Starting Nest application...","timestamp":"2025-07-07T15:25:00.051Z"}
{"context":"ModuleTokenFactory","level":"warn","message":"The module \"ClientsModule\" is taking 10.76ms to serialize, this may be caused by larger objects statically assigned to the module. More details: https://github.com/nestjs/nest/issues/12738","timestamp":"2025-07-07T15:25:00.068Z"}
{"context":"ModuleTokenFactory","level":"warn","message":"The module \"ClientsModule\" is taking 11.54ms to serialize, this may be caused by larger objects statically assigned to the module. More details: https://github.com/nestjs/nest/issues/12738","timestamp":"2025-07-07T15:25:00.100Z"}
{"context":"InstanceLoader","level":"info","message":"ClientsModule dependencies initialized","timestamp":"2025-07-07T15:25:00.117Z"}
{"context":"InstanceLoader","level":"info","message":"ClientsModule dependencies initialized","timestamp":"2025-07-07T15:25:00.117Z"}
{"context":"InstanceLoader","level":"info","message":"ClientsModule dependencies initialized","timestamp":"2025-07-07T15:25:00.117Z"}
{"context":"InstanceLoader","level":"info","message":"ClientsModule dependencies initialized","timestamp":"2025-07-07T15:25:00.117Z"}
{"context":"InstanceLoader","level":"info","message":"ClientsModule dependencies initialized","timestamp":"2025-07-07T15:25:00.117Z"}
{"context":"InstanceLoader","level":"info","message":"ClientsModule dependencies initialized","timestamp":"2025-07-07T15:25:00.117Z"}
{"context":"InstanceLoader","level":"info","message":"ClientsModule dependencies initialized","timestamp":"2025-07-07T15:25:00.117Z"}
{"context":"InstanceLoader","level":"info","message":"ClientsModule dependencies initialized","timestamp":"2025-07-07T15:25:00.117Z"}
{"context":"InstanceLoader","level":"info","message":"ThrottlerModule dependencies initialized","timestamp":"2025-07-07T15:25:00.118Z"}
{"context":"InstanceLoader","level":"info","message":"TestModule dependencies initialized","timestamp":"2025-07-07T15:25:00.118Z"}
{"context":"InstanceLoader","level":"info","message":"AppModule dependencies initialized","timestamp":"2025-07-07T15:25:00.118Z"}
{"context":"InstanceLoader","level":"info","message":"HealthModule dependencies initialized","timestamp":"2025-07-07T15:25:00.118Z"}
{"context":"InstanceLoader","level":"info","message":"AuthModule dependencies initialized","timestamp":"2025-07-07T15:25:00.118Z"}
{"context":"InstanceLoader","level":"info","message":"ProductModule dependencies initialized","timestamp":"2025-07-07T15:25:00.118Z"}
{"context":"InstanceLoader","level":"info","message":"OrderModule dependencies initialized","timestamp":"2025-07-07T15:25:00.118Z"}
{"context":"InstanceLoader","level":"info","message":"CartModule dependencies initialized","timestamp":"2025-07-07T15:25:00.118Z"}
{"context":"InstanceLoader","level":"info","message":"VendorModule dependencies initialized","timestamp":"2025-07-07T15:25:00.118Z"}
{"context":"InstanceLoader","level":"info","message":"PaymentModule dependencies initialized","timestamp":"2025-07-07T15:25:00.118Z"}
{"context":"InstanceLoader","level":"info","message":"CategoryModule dependencies initialized","timestamp":"2025-07-07T15:25:00.118Z"}
{"context":"RoutesResolver","level":"info","message":"AuthController {/api/auth}:","timestamp":"2025-07-07T15:25:00.138Z"}
{"context":"RouterExplorer","level":"info","message":"Mapped {/api/auth/register, POST} route","timestamp":"2025-07-07T15:25:00.138Z"}
{"context":"RouterExplorer","level":"info","message":"Mapped {/api/auth/login, POST} route","timestamp":"2025-07-07T15:25:00.139Z"}
{"context":"RoutesResolver","level":"info","message":"HealthController {/api/health}:","timestamp":"2025-07-07T15:25:00.139Z"}
{"context":"RouterExplorer","level":"info","message":"Mapped {/api/health, GET} route","timestamp":"2025-07-07T15:25:00.139Z"}
{"context":"RouterExplorer","level":"info","message":"Mapped {/api/health/ready, GET} route","timestamp":"2025-07-07T15:25:00.139Z"}
{"context":"RouterExplorer","level":"info","message":"Mapped {/api/health/live, GET} route","timestamp":"2025-07-07T15:25:00.139Z"}
{"context":"RoutesResolver","level":"info","message":"TestController {/api/test}:","timestamp":"2025-07-07T15:25:00.139Z"}
{"context":"RouterExplorer","level":"info","message":"Mapped {/api/test/health, GET} route","timestamp":"2025-07-07T15:25:00.139Z"}
{"context":"RouterExplorer","level":"info","message":"Mapped {/api/test/security-headers, GET} route","timestamp":"2025-07-07T15:25:00.139Z"}
{"context":"RoutesResolver","level":"info","message":"ProductController {/api/product}:","timestamp":"2025-07-07T15:25:00.139Z"}
{"context":"RouterExplorer","level":"info","message":"Mapped {/api/product, POST} route","timestamp":"2025-07-07T15:25:00.139Z"}
{"context":"RouterExplorer","level":"info","message":"Mapped {/api/product/:id, GET} route","timestamp":"2025-07-07T15:25:00.139Z"}
{"context":"RouterExplorer","level":"info","message":"Mapped {/api/product, GET} route","timestamp":"2025-07-07T15:25:00.139Z"}
{"context":"RouterExplorer","level":"info","message":"Mapped {/api/product/:id, PUT} route","timestamp":"2025-07-07T15:25:00.139Z"}
{"context":"RouterExplorer","level":"info","message":"Mapped {/api/product/:id, DELETE} route","timestamp":"2025-07-07T15:25:00.139Z"}
{"context":"RoutesResolver","level":"info","message":"OrderController {/api/order}:","timestamp":"2025-07-07T15:25:00.139Z"}
{"context":"RouterExplorer","level":"info","message":"Mapped {/api/order, POST} route","timestamp":"2025-07-07T15:25:00.139Z"}
{"context":"RouterExplorer","level":"info","message":"Mapped {/api/order, GET} route","timestamp":"2025-07-07T15:25:00.140Z"}
{"context":"RouterExplorer","level":"info","message":"Mapped {/api/order/:id, GET} route","timestamp":"2025-07-07T15:25:00.140Z"}
{"context":"RoutesResolver","level":"info","message":"CartController {/api/cart}:","timestamp":"2025-07-07T15:25:00.140Z"}
{"context":"RouterExplorer","level":"info","message":"Mapped {/api/cart, GET} route","timestamp":"2025-07-07T15:25:00.140Z"}
{"context":"RouterExplorer","level":"info","message":"Mapped {/api/cart/add, POST} route","timestamp":"2025-07-07T15:25:00.140Z"}
{"context":"RouterExplorer","level":"info","message":"Mapped {/api/cart/update, PUT} route","timestamp":"2025-07-07T15:25:00.140Z"}
{"context":"RouterExplorer","level":"info","message":"Mapped {/api/cart/remove/:productId, DELETE} route","timestamp":"2025-07-07T15:25:00.140Z"}
{"context":"RouterExplorer","level":"info","message":"Mapped {/api/cart/clear, DELETE} route","timestamp":"2025-07-07T15:25:00.140Z"}
{"context":"RoutesResolver","level":"info","message":"VendorController {/api/vendor}:","timestamp":"2025-07-07T15:25:00.140Z"}
{"context":"RouterExplorer","level":"info","message":"Mapped {/api/vendor, POST} route","timestamp":"2025-07-07T15:25:00.140Z"}
{"context":"RouterExplorer","level":"info","message":"Mapped {/api/vendor/:id, GET} route","timestamp":"2025-07-07T15:25:00.140Z"}
{"context":"RouterExplorer","level":"info","message":"Mapped {/api/vendor, GET} route","timestamp":"2025-07-07T15:25:00.140Z"}
{"context":"RouterExplorer","level":"info","message":"Mapped {/api/vendor/:id, PUT} route","timestamp":"2025-07-07T15:25:00.140Z"}
{"context":"RoutesResolver","level":"info","message":"PaymentController {/api/payment}:","timestamp":"2025-07-07T15:25:00.140Z"}
{"context":"RouterExplorer","level":"info","message":"Mapped {/api/payment/process, POST} route","timestamp":"2025-07-07T15:25:00.140Z"}
{"context":"RouterExplorer","level":"info","message":"Mapped {/api/payment/status/:paymentId, GET} route","timestamp":"2025-07-07T15:25:00.140Z"}
{"context":"RouterExplorer","level":"info","message":"Mapped {/api/payment/refund, POST} route","timestamp":"2025-07-07T15:25:00.140Z"}
{"context":"RoutesResolver","level":"info","message":"CategoryController {/api/category}:","timestamp":"2025-07-07T15:25:00.140Z"}
{"context":"RouterExplorer","level":"info","message":"Mapped {/api/category, POST} route","timestamp":"2025-07-07T15:25:00.140Z"}
{"context":"RouterExplorer","level":"info","message":"Mapped {/api/category, GET} route","timestamp":"2025-07-07T15:25:00.140Z"}
{"context":"RouterExplorer","level":"info","message":"Mapped {/api/category/:id, GET} route","timestamp":"2025-07-07T15:25:00.140Z"}
{"context":"RouterExplorer","level":"info","message":"Mapped {/api/category/:id, PUT} route","timestamp":"2025-07-07T15:25:00.140Z"}
{"context":"RouterExplorer","level":"info","message":"Mapped {/api/category/:id, DELETE} route","timestamp":"2025-07-07T15:25:00.140Z"}
{"context":"NestApplication","level":"info","message":"Nest application successfully started","timestamp":"2025-07-07T15:25:00.150Z"}
{"context":"NestApplication","level":"error","message":"Error: listen EADDRINUSE: address already in use :::3000","stack":[null],"timestamp":"2025-07-07T15:25:00.151Z"}
{"date":"Mon Jul 07 2025 20:25:00 GMT+0500 (Узбекистан, стандартное время)","error":{"address":"::","code":"EADDRINUSE","errno":-48,"port":3000,"syscall":"listen"},"level":"error","message":"unhandledRejection: listen EADDRINUSE: address already in use :::3000\nError: listen EADDRINUSE: address already in use :::3000\n    at Server.setupListenHandle [as _listen2] (node:net:1940:16)\n    at listenInCluster (node:net:1997:12)\n    at Server.listen (node:net:2102:7)\n    at ExpressAdapter.listen (/Users/sherzod/my_projects/Decorify/Decorify/node_modules/@nestjs/platform-express/adapters/express-adapter.js:95:32)\n    at /Users/sherzod/my_projects/Decorify/Decorify/node_modules/@nestjs/core/nest-application.js:183:30\n    at new Promise (<anonymous>)\n    at NestApplication.listen (/Users/sherzod/my_projects/Decorify/Decorify/node_modules/@nestjs/core/nest-application.js:173:16)\n    at bootstrap (/Users/sherzod/my_projects/Decorify/Decorify/dist/apps/api-gateway/main.js:4487:5)","os":{"loadavg":[4.1650390625,3.482421875,4.68798828125],"uptime":1338178},"process":{"argv":["/opt/homebrew/Cellar/node/24.2.0/bin/node","/Users/sherzod/my_projects/Decorify/Decorify/node_modules/@nx/js/src/executors/node/node-with-require-overrides"],"cwd":"/Users/sherzod/my_projects/Decorify/Decorify","execPath":"/opt/homebrew/Cellar/node/24.2.0/bin/node","gid":20,"memoryUsage":{"arrayBuffers":101175,"external":2833934,"heapTotal":71696384,"heapUsed":53482208,"rss":166821888},"pid":95910,"uid":501,"version":"v24.2.0"},"rejection":true,"stack":"Error: listen EADDRINUSE: address already in use :::3000\n    at Server.setupListenHandle [as _listen2] (node:net:1940:16)\n    at listenInCluster (node:net:1997:12)\n    at Server.listen (node:net:2102:7)\n    at ExpressAdapter.listen (/Users/sherzod/my_projects/Decorify/Decorify/node_modules/@nestjs/platform-express/adapters/express-adapter.js:95:32)\n    at /Users/sherzod/my_projects/Decorify/Decorify/node_modules/@nestjs/core/nest-application.js:183:30\n    at new Promise (<anonymous>)\n    at NestApplication.listen (/Users/sherzod/my_projects/Decorify/Decorify/node_modules/@nestjs/core/nest-application.js:173:16)\n    at bootstrap (/Users/sherzod/my_projects/Decorify/Decorify/dist/apps/api-gateway/main.js:4487:5)","timestamp":"2025-07-07T15:25:00.153Z","trace":[{"column":16,"file":"node:net","function":"Server.setupListenHandle [as _listen2]","line":1940,"method":"setupListenHandle [as _listen2]","native":false},{"column":12,"file":"node:net","function":"listenInCluster","line":1997,"method":null,"native":false},{"column":7,"file":"node:net","function":"Server.listen","line":2102,"method":"listen","native":false},{"column":32,"file":"/Users/sherzod/my_projects/Decorify/Decorify/node_modules/@nestjs/platform-express/adapters/express-adapter.js","function":"ExpressAdapter.listen","line":95,"method":"listen","native":false},{"column":30,"file":"/Users/sherzod/my_projects/Decorify/Decorify/node_modules/@nestjs/core/nest-application.js","function":null,"line":183,"method":null,"native":false},{"column":null,"file":null,"function":"new Promise","line":null,"method":null,"native":false},{"column":16,"file":"/Users/sherzod/my_projects/Decorify/Decorify/node_modules/@nestjs/core/nest-application.js","function":"NestApplication.listen","line":173,"method":"listen","native":false},{"column":5,"file":"/Users/sherzod/my_projects/Decorify/Decorify/dist/apps/api-gateway/main.js","function":"bootstrap","line":4487,"method":null,"native":false}]}
{"context":"NestFactory","level":"info","message":"Starting Nest application...","timestamp":"2025-07-07T15:25:13.376Z"}
{"context":"ModuleTokenFactory","level":"warn","message":"The module \"ClientsModule\" is taking 11.15ms to serialize, this may be caused by larger objects statically assigned to the module. More details: https://github.com/nestjs/nest/issues/12738","timestamp":"2025-07-07T15:25:13.394Z"}
{"context":"ModuleTokenFactory","level":"warn","message":"The module \"ClientsModule\" is taking 12.78ms to serialize, this may be caused by larger objects statically assigned to the module. More details: https://github.com/nestjs/nest/issues/12738","timestamp":"2025-07-07T15:25:13.426Z"}
{"context":"InstanceLoader","level":"info","message":"ClientsModule dependencies initialized","timestamp":"2025-07-07T15:25:13.444Z"}
{"context":"InstanceLoader","level":"info","message":"ClientsModule dependencies initialized","timestamp":"2025-07-07T15:25:13.444Z"}
{"context":"InstanceLoader","level":"info","message":"ClientsModule dependencies initialized","timestamp":"2025-07-07T15:25:13.444Z"}
{"context":"InstanceLoader","level":"info","message":"ClientsModule dependencies initialized","timestamp":"2025-07-07T15:25:13.444Z"}
{"context":"InstanceLoader","level":"info","message":"ClientsModule dependencies initialized","timestamp":"2025-07-07T15:25:13.444Z"}
{"context":"InstanceLoader","level":"info","message":"ClientsModule dependencies initialized","timestamp":"2025-07-07T15:25:13.444Z"}
{"context":"InstanceLoader","level":"info","message":"ClientsModule dependencies initialized","timestamp":"2025-07-07T15:25:13.444Z"}
{"context":"InstanceLoader","level":"info","message":"ClientsModule dependencies initialized","timestamp":"2025-07-07T15:25:13.444Z"}
{"context":"InstanceLoader","level":"info","message":"ThrottlerModule dependencies initialized","timestamp":"2025-07-07T15:25:13.444Z"}
{"context":"InstanceLoader","level":"info","message":"TestModule dependencies initialized","timestamp":"2025-07-07T15:25:13.444Z"}
{"context":"InstanceLoader","level":"info","message":"AppModule dependencies initialized","timestamp":"2025-07-07T15:25:13.444Z"}
{"context":"InstanceLoader","level":"info","message":"HealthModule dependencies initialized","timestamp":"2025-07-07T15:25:13.444Z"}
{"context":"InstanceLoader","level":"info","message":"AuthModule dependencies initialized","timestamp":"2025-07-07T15:25:13.445Z"}
{"context":"InstanceLoader","level":"info","message":"ProductModule dependencies initialized","timestamp":"2025-07-07T15:25:13.445Z"}
{"context":"InstanceLoader","level":"info","message":"OrderModule dependencies initialized","timestamp":"2025-07-07T15:25:13.445Z"}
{"context":"InstanceLoader","level":"info","message":"CartModule dependencies initialized","timestamp":"2025-07-07T15:25:13.445Z"}
{"context":"InstanceLoader","level":"info","message":"VendorModule dependencies initialized","timestamp":"2025-07-07T15:25:13.445Z"}
{"context":"InstanceLoader","level":"info","message":"PaymentModule dependencies initialized","timestamp":"2025-07-07T15:25:13.445Z"}
{"context":"InstanceLoader","level":"info","message":"CategoryModule dependencies initialized","timestamp":"2025-07-07T15:25:13.445Z"}
{"context":"RoutesResolver","level":"info","message":"AuthController {/api/auth}:","timestamp":"2025-07-07T15:25:13.463Z"}
{"context":"RouterExplorer","level":"info","message":"Mapped {/api/auth/register, POST} route","timestamp":"2025-07-07T15:25:13.464Z"}
{"context":"RouterExplorer","level":"info","message":"Mapped {/api/auth/login, POST} route","timestamp":"2025-07-07T15:25:13.464Z"}
{"context":"RoutesResolver","level":"info","message":"HealthController {/api/health}:","timestamp":"2025-07-07T15:25:13.464Z"}
{"context":"RouterExplorer","level":"info","message":"Mapped {/api/health, GET} route","timestamp":"2025-07-07T15:25:13.464Z"}
{"context":"RouterExplorer","level":"info","message":"Mapped {/api/health/ready, GET} route","timestamp":"2025-07-07T15:25:13.464Z"}
{"context":"RouterExplorer","level":"info","message":"Mapped {/api/health/live, GET} route","timestamp":"2025-07-07T15:25:13.464Z"}
{"context":"RoutesResolver","level":"info","message":"TestController {/api/test}:","timestamp":"2025-07-07T15:25:13.464Z"}
{"context":"RouterExplorer","level":"info","message":"Mapped {/api/test/health, GET} route","timestamp":"2025-07-07T15:25:13.464Z"}
{"context":"RouterExplorer","level":"info","message":"Mapped {/api/test/security-headers, GET} route","timestamp":"2025-07-07T15:25:13.464Z"}
{"context":"RoutesResolver","level":"info","message":"ProductController {/api/product}:","timestamp":"2025-07-07T15:25:13.464Z"}
{"context":"RouterExplorer","level":"info","message":"Mapped {/api/product, POST} route","timestamp":"2025-07-07T15:25:13.464Z"}
{"context":"RouterExplorer","level":"info","message":"Mapped {/api/product/:id, GET} route","timestamp":"2025-07-07T15:25:13.465Z"}
{"context":"RouterExplorer","level":"info","message":"Mapped {/api/product, GET} route","timestamp":"2025-07-07T15:25:13.465Z"}
{"context":"RouterExplorer","level":"info","message":"Mapped {/api/product/:id, PUT} route","timestamp":"2025-07-07T15:25:13.465Z"}
{"context":"RouterExplorer","level":"info","message":"Mapped {/api/product/:id, DELETE} route","timestamp":"2025-07-07T15:25:13.465Z"}
{"context":"RoutesResolver","level":"info","message":"OrderController {/api/order}:","timestamp":"2025-07-07T15:25:13.465Z"}
{"context":"RouterExplorer","level":"info","message":"Mapped {/api/order, POST} route","timestamp":"2025-07-07T15:25:13.465Z"}
{"context":"RouterExplorer","level":"info","message":"Mapped {/api/order, GET} route","timestamp":"2025-07-07T15:25:13.465Z"}
{"context":"RouterExplorer","level":"info","message":"Mapped {/api/order/:id, GET} route","timestamp":"2025-07-07T15:25:13.465Z"}
{"context":"RoutesResolver","level":"info","message":"CartController {/api/cart}:","timestamp":"2025-07-07T15:25:13.465Z"}
{"context":"RouterExplorer","level":"info","message":"Mapped {/api/cart, GET} route","timestamp":"2025-07-07T15:25:13.465Z"}
{"context":"RouterExplorer","level":"info","message":"Mapped {/api/cart/add, POST} route","timestamp":"2025-07-07T15:25:13.465Z"}
{"context":"RouterExplorer","level":"info","message":"Mapped {/api/cart/update, PUT} route","timestamp":"2025-07-07T15:25:13.465Z"}
{"context":"RouterExplorer","level":"info","message":"Mapped {/api/cart/remove/:productId, DELETE} route","timestamp":"2025-07-07T15:25:13.465Z"}
{"context":"RouterExplorer","level":"info","message":"Mapped {/api/cart/clear, DELETE} route","timestamp":"2025-07-07T15:25:13.465Z"}
{"context":"RoutesResolver","level":"info","message":"VendorController {/api/vendor}:","timestamp":"2025-07-07T15:25:13.465Z"}
{"context":"RouterExplorer","level":"info","message":"Mapped {/api/vendor, POST} route","timestamp":"2025-07-07T15:25:13.465Z"}
{"context":"RouterExplorer","level":"info","message":"Mapped {/api/vendor/:id, GET} route","timestamp":"2025-07-07T15:25:13.465Z"}
{"context":"RouterExplorer","level":"info","message":"Mapped {/api/vendor, GET} route","timestamp":"2025-07-07T15:25:13.465Z"}
{"context":"RouterExplorer","level":"info","message":"Mapped {/api/vendor/:id, PUT} route","timestamp":"2025-07-07T15:25:13.465Z"}
{"context":"RoutesResolver","level":"info","message":"PaymentController {/api/payment}:","timestamp":"2025-07-07T15:25:13.465Z"}
{"context":"RouterExplorer","level":"info","message":"Mapped {/api/payment/process, POST} route","timestamp":"2025-07-07T15:25:13.465Z"}
{"context":"RouterExplorer","level":"info","message":"Mapped {/api/payment/status/:paymentId, GET} route","timestamp":"2025-07-07T15:25:13.466Z"}
{"context":"RouterExplorer","level":"info","message":"Mapped {/api/payment/refund, POST} route","timestamp":"2025-07-07T15:25:13.466Z"}
{"context":"RoutesResolver","level":"info","message":"CategoryController {/api/category}:","timestamp":"2025-07-07T15:25:13.466Z"}
{"context":"RouterExplorer","level":"info","message":"Mapped {/api/category, POST} route","timestamp":"2025-07-07T15:25:13.466Z"}
{"context":"RouterExplorer","level":"info","message":"Mapped {/api/category, GET} route","timestamp":"2025-07-07T15:25:13.466Z"}
{"context":"RouterExplorer","level":"info","message":"Mapped {/api/category/:id, GET} route","timestamp":"2025-07-07T15:25:13.466Z"}
{"context":"RouterExplorer","level":"info","message":"Mapped {/api/category/:id, PUT} route","timestamp":"2025-07-07T15:25:13.466Z"}
{"context":"RouterExplorer","level":"info","message":"Mapped {/api/category/:id, DELETE} route","timestamp":"2025-07-07T15:25:13.466Z"}
{"context":"NestApplication","level":"info","message":"Nest application successfully started","timestamp":"2025-07-07T15:25:13.475Z"}
{"level":"info","message":"🚀 Application is running on: http://localhost:3000/api","timestamp":"2025-07-07T15:25:13.476Z"}
{"level":"info","message":"📚 API Documentation is available at: http://localhost:3000/docs","timestamp":"2025-07-07T15:25:13.476Z"}
{"level":"info","message":"🔒 HTTPS is DISABLED","timestamp":"2025-07-07T15:25:13.476Z"}
{"context":"NestFactory","level":"info","message":"Starting Nest application...","timestamp":"2025-07-07T15:25:13.376Z"}
{"context":"ModuleTokenFactory","level":"warn","message":"The module \"ClientsModule\" is taking 11.21ms to serialize, this may be caused by larger objects statically assigned to the module. More details: https://github.com/nestjs/nest/issues/12738","timestamp":"2025-07-07T15:25:13.394Z"}
{"context":"ModuleTokenFactory","level":"warn","message":"The module \"ClientsModule\" is taking 11.18ms to serialize, this may be caused by larger objects statically assigned to the module. More details: https://github.com/nestjs/nest/issues/12738","timestamp":"2025-07-07T15:25:13.425Z"}
{"context":"InstanceLoader","level":"info","message":"ClientsModule dependencies initialized","timestamp":"2025-07-07T15:25:13.444Z"}
{"context":"InstanceLoader","level":"info","message":"ClientsModule dependencies initialized","timestamp":"2025-07-07T15:25:13.444Z"}
{"context":"InstanceLoader","level":"info","message":"ClientsModule dependencies initialized","timestamp":"2025-07-07T15:25:13.444Z"}
{"context":"InstanceLoader","level":"info","message":"ClientsModule dependencies initialized","timestamp":"2025-07-07T15:25:13.444Z"}
{"context":"InstanceLoader","level":"info","message":"ClientsModule dependencies initialized","timestamp":"2025-07-07T15:25:13.444Z"}
{"context":"InstanceLoader","level":"info","message":"ClientsModule dependencies initialized","timestamp":"2025-07-07T15:25:13.444Z"}
{"context":"InstanceLoader","level":"info","message":"ClientsModule dependencies initialized","timestamp":"2025-07-07T15:25:13.444Z"}
{"context":"InstanceLoader","level":"info","message":"ClientsModule dependencies initialized","timestamp":"2025-07-07T15:25:13.444Z"}
{"context":"InstanceLoader","level":"info","message":"ThrottlerModule dependencies initialized","timestamp":"2025-07-07T15:25:13.444Z"}
{"context":"InstanceLoader","level":"info","message":"TestModule dependencies initialized","timestamp":"2025-07-07T15:25:13.444Z"}
{"context":"InstanceLoader","level":"info","message":"AppModule dependencies initialized","timestamp":"2025-07-07T15:25:13.444Z"}
{"context":"InstanceLoader","level":"info","message":"HealthModule dependencies initialized","timestamp":"2025-07-07T15:25:13.444Z"}
{"context":"InstanceLoader","level":"info","message":"AuthModule dependencies initialized","timestamp":"2025-07-07T15:25:13.445Z"}
{"context":"InstanceLoader","level":"info","message":"ProductModule dependencies initialized","timestamp":"2025-07-07T15:25:13.445Z"}
{"context":"InstanceLoader","level":"info","message":"OrderModule dependencies initialized","timestamp":"2025-07-07T15:25:13.445Z"}
{"context":"InstanceLoader","level":"info","message":"CartModule dependencies initialized","timestamp":"2025-07-07T15:25:13.445Z"}
{"context":"InstanceLoader","level":"info","message":"VendorModule dependencies initialized","timestamp":"2025-07-07T15:25:13.445Z"}
{"context":"InstanceLoader","level":"info","message":"PaymentModule dependencies initialized","timestamp":"2025-07-07T15:25:13.445Z"}
{"context":"InstanceLoader","level":"info","message":"CategoryModule dependencies initialized","timestamp":"2025-07-07T15:25:13.445Z"}
{"context":"RoutesResolver","level":"info","message":"AuthController {/api/auth}:","timestamp":"2025-07-07T15:25:13.463Z"}
{"context":"RouterExplorer","level":"info","message":"Mapped {/api/auth/register, POST} route","timestamp":"2025-07-07T15:25:13.464Z"}
{"context":"RouterExplorer","level":"info","message":"Mapped {/api/auth/login, POST} route","timestamp":"2025-07-07T15:25:13.464Z"}
{"context":"RoutesResolver","level":"info","message":"HealthController {/api/health}:","timestamp":"2025-07-07T15:25:13.464Z"}
{"context":"RouterExplorer","level":"info","message":"Mapped {/api/health, GET} route","timestamp":"2025-07-07T15:25:13.464Z"}
{"context":"RouterExplorer","level":"info","message":"Mapped {/api/health/ready, GET} route","timestamp":"2025-07-07T15:25:13.464Z"}
{"context":"RouterExplorer","level":"info","message":"Mapped {/api/health/live, GET} route","timestamp":"2025-07-07T15:25:13.464Z"}
{"context":"RoutesResolver","level":"info","message":"TestController {/api/test}:","timestamp":"2025-07-07T15:25:13.464Z"}
{"context":"RouterExplorer","level":"info","message":"Mapped {/api/test/health, GET} route","timestamp":"2025-07-07T15:25:13.464Z"}
{"context":"RouterExplorer","level":"info","message":"Mapped {/api/test/security-headers, GET} route","timestamp":"2025-07-07T15:25:13.464Z"}
{"context":"RoutesResolver","level":"info","message":"ProductController {/api/product}:","timestamp":"2025-07-07T15:25:13.464Z"}
{"context":"RouterExplorer","level":"info","message":"Mapped {/api/product, POST} route","timestamp":"2025-07-07T15:25:13.465Z"}
{"context":"RouterExplorer","level":"info","message":"Mapped {/api/product/:id, GET} route","timestamp":"2025-07-07T15:25:13.465Z"}
{"context":"RouterExplorer","level":"info","message":"Mapped {/api/product, GET} route","timestamp":"2025-07-07T15:25:13.465Z"}
{"context":"RouterExplorer","level":"info","message":"Mapped {/api/product/:id, PUT} route","timestamp":"2025-07-07T15:25:13.465Z"}
{"context":"RouterExplorer","level":"info","message":"Mapped {/api/product/:id, DELETE} route","timestamp":"2025-07-07T15:25:13.465Z"}
{"context":"RoutesResolver","level":"info","message":"OrderController {/api/order}:","timestamp":"2025-07-07T15:25:13.465Z"}
{"context":"RouterExplorer","level":"info","message":"Mapped {/api/order, POST} route","timestamp":"2025-07-07T15:25:13.465Z"}
{"context":"RouterExplorer","level":"info","message":"Mapped {/api/order, GET} route","timestamp":"2025-07-07T15:25:13.465Z"}
{"context":"RouterExplorer","level":"info","message":"Mapped {/api/order/:id, GET} route","timestamp":"2025-07-07T15:25:13.465Z"}
{"context":"RoutesResolver","level":"info","message":"CartController {/api/cart}:","timestamp":"2025-07-07T15:25:13.465Z"}
{"context":"RouterExplorer","level":"info","message":"Mapped {/api/cart, GET} route","timestamp":"2025-07-07T15:25:13.465Z"}
{"context":"RouterExplorer","level":"info","message":"Mapped {/api/cart/add, POST} route","timestamp":"2025-07-07T15:25:13.465Z"}
{"context":"RouterExplorer","level":"info","message":"Mapped {/api/cart/update, PUT} route","timestamp":"2025-07-07T15:25:13.465Z"}
{"context":"RouterExplorer","level":"info","message":"Mapped {/api/cart/remove/:productId, DELETE} route","timestamp":"2025-07-07T15:25:13.465Z"}
{"context":"RouterExplorer","level":"info","message":"Mapped {/api/cart/clear, DELETE} route","timestamp":"2025-07-07T15:25:13.466Z"}
{"context":"RoutesResolver","level":"info","message":"VendorController {/api/vendor}:","timestamp":"2025-07-07T15:25:13.466Z"}
{"context":"RouterExplorer","level":"info","message":"Mapped {/api/vendor, POST} route","timestamp":"2025-07-07T15:25:13.466Z"}
{"context":"RouterExplorer","level":"info","message":"Mapped {/api/vendor/:id, GET} route","timestamp":"2025-07-07T15:25:13.466Z"}
{"context":"RouterExplorer","level":"info","message":"Mapped {/api/vendor, GET} route","timestamp":"2025-07-07T15:25:13.466Z"}
{"context":"RouterExplorer","level":"info","message":"Mapped {/api/vendor/:id, PUT} route","timestamp":"2025-07-07T15:25:13.466Z"}
{"context":"RoutesResolver","level":"info","message":"PaymentController {/api/payment}:","timestamp":"2025-07-07T15:25:13.466Z"}
{"context":"RouterExplorer","level":"info","message":"Mapped {/api/payment/process, POST} route","timestamp":"2025-07-07T15:25:13.466Z"}
{"context":"RouterExplorer","level":"info","message":"Mapped {/api/payment/status/:paymentId, GET} route","timestamp":"2025-07-07T15:25:13.466Z"}
{"context":"RouterExplorer","level":"info","message":"Mapped {/api/payment/refund, POST} route","timestamp":"2025-07-07T15:25:13.466Z"}
{"context":"RoutesResolver","level":"info","message":"CategoryController {/api/category}:","timestamp":"2025-07-07T15:25:13.466Z"}
{"context":"RouterExplorer","level":"info","message":"Mapped {/api/category, POST} route","timestamp":"2025-07-07T15:25:13.466Z"}
{"context":"RouterExplorer","level":"info","message":"Mapped {/api/category, GET} route","timestamp":"2025-07-07T15:25:13.466Z"}
{"context":"RouterExplorer","level":"info","message":"Mapped {/api/category/:id, GET} route","timestamp":"2025-07-07T15:25:13.466Z"}
{"context":"RouterExplorer","level":"info","message":"Mapped {/api/category/:id, PUT} route","timestamp":"2025-07-07T15:25:13.466Z"}
{"context":"RouterExplorer","level":"info","message":"Mapped {/api/category/:id, DELETE} route","timestamp":"2025-07-07T15:25:13.466Z"}
{"context":"NestApplication","level":"info","message":"Nest application successfully started","timestamp":"2025-07-07T15:25:13.475Z"}
{"context":"NestApplication","level":"error","message":"Error: listen EADDRINUSE: address already in use :::3000","stack":[null],"timestamp":"2025-07-07T15:25:13.476Z"}
{"date":"Mon Jul 07 2025 20:25:13 GMT+0500 (Узбекистан, стандартное время)","error":{"address":"::","code":"EADDRINUSE","errno":-48,"port":3000,"syscall":"listen"},"level":"error","message":"unhandledRejection: listen EADDRINUSE: address already in use :::3000\nError: listen EADDRINUSE: address already in use :::3000\n    at Server.setupListenHandle [as _listen2] (node:net:1940:16)\n    at listenInCluster (node:net:1997:12)\n    at Server.listen (node:net:2102:7)\n    at ExpressAdapter.listen (/Users/sherzod/my_projects/Decorify/Decorify/node_modules/@nestjs/platform-express/adapters/express-adapter.js:95:32)\n    at /Users/sherzod/my_projects/Decorify/Decorify/node_modules/@nestjs/core/nest-application.js:183:30\n    at new Promise (<anonymous>)\n    at NestApplication.listen (/Users/sherzod/my_projects/Decorify/Decorify/node_modules/@nestjs/core/nest-application.js:173:16)\n    at bootstrap (/Users/sherzod/my_projects/Decorify/Decorify/dist/apps/api-gateway/main.js:4485:5)","os":{"loadavg":[3.97412109375,3.47412109375,4.6630859375],"uptime":1338191},"process":{"argv":["/opt/homebrew/Cellar/node/24.2.0/bin/node","/Users/sherzod/my_projects/Decorify/Decorify/node_modules/@nx/js/src/executors/node/node-with-require-overrides"],"cwd":"/Users/sherzod/my_projects/Decorify/Decorify","execPath":"/opt/homebrew/Cellar/node/24.2.0/bin/node","gid":20,"memoryUsage":{"arrayBuffers":101175,"external":2833934,"heapTotal":104235008,"heapUsed":45726104,"rss":170459136},"pid":95993,"uid":501,"version":"v24.2.0"},"rejection":true,"stack":"Error: listen EADDRINUSE: address already in use :::3000\n    at Server.setupListenHandle [as _listen2] (node:net:1940:16)\n    at listenInCluster (node:net:1997:12)\n    at Server.listen (node:net:2102:7)\n    at ExpressAdapter.listen (/Users/sherzod/my_projects/Decorify/Decorify/node_modules/@nestjs/platform-express/adapters/express-adapter.js:95:32)\n    at /Users/sherzod/my_projects/Decorify/Decorify/node_modules/@nestjs/core/nest-application.js:183:30\n    at new Promise (<anonymous>)\n    at NestApplication.listen (/Users/sherzod/my_projects/Decorify/Decorify/node_modules/@nestjs/core/nest-application.js:173:16)\n    at bootstrap (/Users/sherzod/my_projects/Decorify/Decorify/dist/apps/api-gateway/main.js:4485:5)","timestamp":"2025-07-07T15:25:13.478Z","trace":[{"column":16,"file":"node:net","function":"Server.setupListenHandle [as _listen2]","line":1940,"method":"setupListenHandle [as _listen2]","native":false},{"column":12,"file":"node:net","function":"listenInCluster","line":1997,"method":null,"native":false},{"column":7,"file":"node:net","function":"Server.listen","line":2102,"method":"listen","native":false},{"column":32,"file":"/Users/sherzod/my_projects/Decorify/Decorify/node_modules/@nestjs/platform-express/adapters/express-adapter.js","function":"ExpressAdapter.listen","line":95,"method":"listen","native":false},{"column":30,"file":"/Users/sherzod/my_projects/Decorify/Decorify/node_modules/@nestjs/core/nest-application.js","function":null,"line":183,"method":null,"native":false},{"column":null,"file":null,"function":"new Promise","line":null,"method":null,"native":false},{"column":16,"file":"/Users/sherzod/my_projects/Decorify/Decorify/node_modules/@nestjs/core/nest-application.js","function":"NestApplication.listen","line":173,"method":"listen","native":false},{"column":5,"file":"/Users/sherzod/my_projects/Decorify/Decorify/dist/apps/api-gateway/main.js","function":"bootstrap","line":4485,"method":null,"native":false}]}
{"context":"NestFactory","level":"info","message":"Starting Nest application...","timestamp":"2025-07-07T15:26:02.576Z"}
{"context":"ModuleTokenFactory","level":"warn","message":"The module \"ClientsModule\" is taking 12.19ms to serialize, this may be caused by larger objects statically assigned to the module. More details: https://github.com/nestjs/nest/issues/12738","timestamp":"2025-07-07T15:26:02.589Z"}
{"context":"ModuleTokenFactory","level":"warn","message":"The module \"ClientsModule\" is taking 20.39ms to serialize, this may be caused by larger objects statically assigned to the module. More details: https://github.com/nestjs/nest/issues/12738","timestamp":"2025-07-07T15:26:02.611Z"}
{"context":"ModuleTokenFactory","level":"warn","message":"The module \"ClientsModule\" is taking 12.04ms to serialize, this may be caused by larger objects statically assigned to the module. More details: https://github.com/nestjs/nest/issues/12738","timestamp":"2025-07-07T15:26:02.648Z"}
{"context":"InstanceLoader","level":"info","message":"ClientsModule dependencies initialized","timestamp":"2025-07-07T15:26:02.665Z"}
{"context":"InstanceLoader","level":"info","message":"ClientsModule dependencies initialized","timestamp":"2025-07-07T15:26:02.665Z"}
{"context":"InstanceLoader","level":"info","message":"ClientsModule dependencies initialized","timestamp":"2025-07-07T15:26:02.665Z"}
{"context":"InstanceLoader","level":"info","message":"ClientsModule dependencies initialized","timestamp":"2025-07-07T15:26:02.666Z"}
{"context":"InstanceLoader","level":"info","message":"ClientsModule dependencies initialized","timestamp":"2025-07-07T15:26:02.666Z"}
{"context":"InstanceLoader","level":"info","message":"ClientsModule dependencies initialized","timestamp":"2025-07-07T15:26:02.666Z"}
{"context":"InstanceLoader","level":"info","message":"ClientsModule dependencies initialized","timestamp":"2025-07-07T15:26:02.666Z"}
{"context":"InstanceLoader","level":"info","message":"ClientsModule dependencies initialized","timestamp":"2025-07-07T15:26:02.666Z"}
{"context":"InstanceLoader","level":"info","message":"ThrottlerModule dependencies initialized","timestamp":"2025-07-07T15:26:02.666Z"}
{"context":"InstanceLoader","level":"info","message":"TestModule dependencies initialized","timestamp":"2025-07-07T15:26:02.666Z"}
{"context":"InstanceLoader","level":"info","message":"AppModule dependencies initialized","timestamp":"2025-07-07T15:26:02.666Z"}
{"context":"InstanceLoader","level":"info","message":"HealthModule dependencies initialized","timestamp":"2025-07-07T15:26:02.666Z"}
{"context":"InstanceLoader","level":"info","message":"AuthModule dependencies initialized","timestamp":"2025-07-07T15:26:02.666Z"}
{"context":"InstanceLoader","level":"info","message":"ProductModule dependencies initialized","timestamp":"2025-07-07T15:26:02.666Z"}
{"context":"InstanceLoader","level":"info","message":"OrderModule dependencies initialized","timestamp":"2025-07-07T15:26:02.666Z"}
{"context":"InstanceLoader","level":"info","message":"CartModule dependencies initialized","timestamp":"2025-07-07T15:26:02.666Z"}
{"context":"InstanceLoader","level":"info","message":"VendorModule dependencies initialized","timestamp":"2025-07-07T15:26:02.666Z"}
{"context":"InstanceLoader","level":"info","message":"PaymentModule dependencies initialized","timestamp":"2025-07-07T15:26:02.666Z"}
{"context":"InstanceLoader","level":"info","message":"CategoryModule dependencies initialized","timestamp":"2025-07-07T15:26:02.666Z"}
{"context":"RoutesResolver","level":"info","message":"AuthController {/api/auth}:","timestamp":"2025-07-07T15:26:02.679Z"}
{"context":"RouterExplorer","level":"info","message":"Mapped {/api/auth/register, POST} route","timestamp":"2025-07-07T15:26:02.680Z"}
{"context":"RouterExplorer","level":"info","message":"Mapped {/api/auth/login, POST} route","timestamp":"2025-07-07T15:26:02.680Z"}
{"context":"RoutesResolver","level":"info","message":"HealthController {/api/health}:","timestamp":"2025-07-07T15:26:02.680Z"}
{"context":"RouterExplorer","level":"info","message":"Mapped {/api/health, GET} route","timestamp":"2025-07-07T15:26:02.680Z"}
{"context":"RouterExplorer","level":"info","message":"Mapped {/api/health/ready, GET} route","timestamp":"2025-07-07T15:26:02.680Z"}
{"context":"RouterExplorer","level":"info","message":"Mapped {/api/health/live, GET} route","timestamp":"2025-07-07T15:26:02.680Z"}
{"context":"RoutesResolver","level":"info","message":"TestController {/api/test}:","timestamp":"2025-07-07T15:26:02.680Z"}
{"context":"RouterExplorer","level":"info","message":"Mapped {/api/test/health, GET} route","timestamp":"2025-07-07T15:26:02.680Z"}
{"context":"RouterExplorer","level":"info","message":"Mapped {/api/test/security-headers, GET} route","timestamp":"2025-07-07T15:26:02.680Z"}
{"context":"RoutesResolver","level":"info","message":"ProductController {/api/product}:","timestamp":"2025-07-07T15:26:02.680Z"}
{"context":"RouterExplorer","level":"info","message":"Mapped {/api/product, POST} route","timestamp":"2025-07-07T15:26:02.681Z"}
{"context":"RouterExplorer","level":"info","message":"Mapped {/api/product/:id, GET} route","timestamp":"2025-07-07T15:26:02.681Z"}
{"context":"RouterExplorer","level":"info","message":"Mapped {/api/product, GET} route","timestamp":"2025-07-07T15:26:02.681Z"}
{"context":"RouterExplorer","level":"info","message":"Mapped {/api/product/:id, PUT} route","timestamp":"2025-07-07T15:26:02.681Z"}
{"context":"RouterExplorer","level":"info","message":"Mapped {/api/product/:id, DELETE} route","timestamp":"2025-07-07T15:26:02.681Z"}
{"context":"RoutesResolver","level":"info","message":"OrderController {/api/order}:","timestamp":"2025-07-07T15:26:02.681Z"}
{"context":"RouterExplorer","level":"info","message":"Mapped {/api/order, POST} route","timestamp":"2025-07-07T15:26:02.681Z"}
{"context":"RouterExplorer","level":"info","message":"Mapped {/api/order, GET} route","timestamp":"2025-07-07T15:26:02.681Z"}
{"context":"RouterExplorer","level":"info","message":"Mapped {/api/order/:id, GET} route","timestamp":"2025-07-07T15:26:02.681Z"}
{"context":"RoutesResolver","level":"info","message":"CartController {/api/cart}:","timestamp":"2025-07-07T15:26:02.681Z"}
{"context":"RouterExplorer","level":"info","message":"Mapped {/api/cart, GET} route","timestamp":"2025-07-07T15:26:02.681Z"}
{"context":"RouterExplorer","level":"info","message":"Mapped {/api/cart/add, POST} route","timestamp":"2025-07-07T15:26:02.681Z"}
{"context":"RouterExplorer","level":"info","message":"Mapped {/api/cart/update, PUT} route","timestamp":"2025-07-07T15:26:02.681Z"}
{"context":"RouterExplorer","level":"info","message":"Mapped {/api/cart/remove/:productId, DELETE} route","timestamp":"2025-07-07T15:26:02.681Z"}
{"context":"RouterExplorer","level":"info","message":"Mapped {/api/cart/clear, DELETE} route","timestamp":"2025-07-07T15:26:02.681Z"}
{"context":"RoutesResolver","level":"info","message":"VendorController {/api/vendor}:","timestamp":"2025-07-07T15:26:02.681Z"}
{"context":"RouterExplorer","level":"info","message":"Mapped {/api/vendor, POST} route","timestamp":"2025-07-07T15:26:02.681Z"}
{"context":"RouterExplorer","level":"info","message":"Mapped {/api/vendor/:id, GET} route","timestamp":"2025-07-07T15:26:02.681Z"}
{"context":"RouterExplorer","level":"info","message":"Mapped {/api/vendor, GET} route","timestamp":"2025-07-07T15:26:02.681Z"}
{"context":"RouterExplorer","level":"info","message":"Mapped {/api/vendor/:id, PUT} route","timestamp":"2025-07-07T15:26:02.681Z"}
{"context":"RoutesResolver","level":"info","message":"PaymentController {/api/payment}:","timestamp":"2025-07-07T15:26:02.682Z"}
{"context":"RouterExplorer","level":"info","message":"Mapped {/api/payment/process, POST} route","timestamp":"2025-07-07T15:26:02.682Z"}
{"context":"RouterExplorer","level":"info","message":"Mapped {/api/payment/status/:paymentId, GET} route","timestamp":"2025-07-07T15:26:02.682Z"}
{"context":"RouterExplorer","level":"info","message":"Mapped {/api/payment/refund, POST} route","timestamp":"2025-07-07T15:26:02.682Z"}
{"context":"RoutesResolver","level":"info","message":"CategoryController {/api/category}:","timestamp":"2025-07-07T15:26:02.682Z"}
{"context":"RouterExplorer","level":"info","message":"Mapped {/api/category, POST} route","timestamp":"2025-07-07T15:26:02.682Z"}
{"context":"RouterExplorer","level":"info","message":"Mapped {/api/category, GET} route","timestamp":"2025-07-07T15:26:02.682Z"}
{"context":"RouterExplorer","level":"info","message":"Mapped {/api/category/:id, GET} route","timestamp":"2025-07-07T15:26:02.682Z"}
{"context":"RouterExplorer","level":"info","message":"Mapped {/api/category/:id, PUT} route","timestamp":"2025-07-07T15:26:02.682Z"}
{"context":"RouterExplorer","level":"info","message":"Mapped {/api/category/:id, DELETE} route","timestamp":"2025-07-07T15:26:02.682Z"}
{"context":"NestApplication","level":"info","message":"Nest application successfully started","timestamp":"2025-07-07T15:26:02.691Z"}
{"context":"NestApplication","level":"error","message":"Error: listen EADDRINUSE: address already in use :::3000","stack":[null],"timestamp":"2025-07-07T15:26:02.692Z"}
{"date":"Mon Jul 07 2025 20:26:02 GMT+0500 (Узбекистан, стандартное время)","error":{"address":"::","code":"EADDRINUSE","errno":-48,"port":3000,"syscall":"listen"},"level":"error","message":"unhandledRejection: listen EADDRINUSE: address already in use :::3000\nError: listen EADDRINUSE: address already in use :::3000\n    at Server.setupListenHandle [as _listen2] (node:net:1940:16)\n    at listenInCluster (node:net:1997:12)\n    at Server.listen (node:net:2102:7)\n    at ExpressAdapter.listen (/Users/sherzod/my_projects/Decorify/Decorify/node_modules/@nestjs/platform-express/adapters/express-adapter.js:95:32)\n    at /Users/sherzod/my_projects/Decorify/Decorify/node_modules/@nestjs/core/nest-application.js:183:30\n    at new Promise (<anonymous>)\n    at NestApplication.listen (/Users/sherzod/my_projects/Decorify/Decorify/node_modules/@nestjs/core/nest-application.js:173:16)\n    at bootstrap (/Users/sherzod/my_projects/Decorify/Decorify/dist/apps/api-gateway/main.js:4485:5)","os":{"loadavg":[3.29833984375,3.35888671875,4.55908203125],"uptime":1338240},"process":{"argv":["/opt/homebrew/Cellar/node/24.2.0/bin/node","/Users/sherzod/my_projects/Decorify/Decorify/node_modules/@nx/js/src/executors/node/node-with-require-overrides"],"cwd":"/Users/sherzod/my_projects/Decorify/Decorify","execPath":"/opt/homebrew/Cellar/node/24.2.0/bin/node","gid":20,"memoryUsage":{"arrayBuffers":101175,"external":2833934,"heapTotal":105775104,"heapUsed":52692848,"rss":163643392},"pid":96604,"uid":501,"version":"v24.2.0"},"rejection":true,"stack":"Error: listen EADDRINUSE: address already in use :::3000\n    at Server.setupListenHandle [as _listen2] (node:net:1940:16)\n    at listenInCluster (node:net:1997:12)\n    at Server.listen (node:net:2102:7)\n    at ExpressAdapter.listen (/Users/sherzod/my_projects/Decorify/Decorify/node_modules/@nestjs/platform-express/adapters/express-adapter.js:95:32)\n    at /Users/sherzod/my_projects/Decorify/Decorify/node_modules/@nestjs/core/nest-application.js:183:30\n    at new Promise (<anonymous>)\n    at NestApplication.listen (/Users/sherzod/my_projects/Decorify/Decorify/node_modules/@nestjs/core/nest-application.js:173:16)\n    at bootstrap (/Users/sherzod/my_projects/Decorify/Decorify/dist/apps/api-gateway/main.js:4485:5)","timestamp":"2025-07-07T15:26:02.694Z","trace":[{"column":16,"file":"node:net","function":"Server.setupListenHandle [as _listen2]","line":1940,"method":"setupListenHandle [as _listen2]","native":false},{"column":12,"file":"node:net","function":"listenInCluster","line":1997,"method":null,"native":false},{"column":7,"file":"node:net","function":"Server.listen","line":2102,"method":"listen","native":false},{"column":32,"file":"/Users/sherzod/my_projects/Decorify/Decorify/node_modules/@nestjs/platform-express/adapters/express-adapter.js","function":"ExpressAdapter.listen","line":95,"method":"listen","native":false},{"column":30,"file":"/Users/sherzod/my_projects/Decorify/Decorify/node_modules/@nestjs/core/nest-application.js","function":null,"line":183,"method":null,"native":false},{"column":null,"file":null,"function":"new Promise","line":null,"method":null,"native":false},{"column":16,"file":"/Users/sherzod/my_projects/Decorify/Decorify/node_modules/@nestjs/core/nest-application.js","function":"NestApplication.listen","line":173,"method":"listen","native":false},{"column":5,"file":"/Users/sherzod/my_projects/Decorify/Decorify/dist/apps/api-gateway/main.js","function":"bootstrap","line":4485,"method":null,"native":false}]}
{"context":"NestFactory","level":"info","message":"Starting Nest application...","timestamp":"2025-07-07T15:26:53.521Z"}
{"context":"ModuleTokenFactory","level":"warn","message":"The module \"ClientsModule\" is taking 10.44ms to serialize, this may be caused by larger objects statically assigned to the module. More details: https://github.com/nestjs/nest/issues/12738","timestamp":"2025-07-07T15:26:53.537Z"}
{"context":"ModuleTokenFactory","level":"warn","message":"The module \"ClientsModule\" is taking 12.40ms to serialize, this may be caused by larger objects statically assigned to the module. More details: https://github.com/nestjs/nest/issues/12738","timestamp":"2025-07-07T15:26:53.569Z"}
{"context":"InstanceLoader","level":"info","message":"ClientsModule dependencies initialized","timestamp":"2025-07-07T15:26:53.585Z"}
{"context":"InstanceLoader","level":"info","message":"ClientsModule dependencies initialized","timestamp":"2025-07-07T15:26:53.585Z"}
{"context":"InstanceLoader","level":"info","message":"ClientsModule dependencies initialized","timestamp":"2025-07-07T15:26:53.585Z"}
{"context":"InstanceLoader","level":"info","message":"ClientsModule dependencies initialized","timestamp":"2025-07-07T15:26:53.585Z"}
{"context":"InstanceLoader","level":"info","message":"ClientsModule dependencies initialized","timestamp":"2025-07-07T15:26:53.585Z"}
{"context":"InstanceLoader","level":"info","message":"ClientsModule dependencies initialized","timestamp":"2025-07-07T15:26:53.585Z"}
{"context":"InstanceLoader","level":"info","message":"ClientsModule dependencies initialized","timestamp":"2025-07-07T15:26:53.585Z"}
{"context":"InstanceLoader","level":"info","message":"ClientsModule dependencies initialized","timestamp":"2025-07-07T15:26:53.585Z"}
{"context":"InstanceLoader","level":"info","message":"ThrottlerModule dependencies initialized","timestamp":"2025-07-07T15:26:53.586Z"}
{"context":"InstanceLoader","level":"info","message":"TestModule dependencies initialized","timestamp":"2025-07-07T15:26:53.586Z"}
{"context":"InstanceLoader","level":"info","message":"AppModule dependencies initialized","timestamp":"2025-07-07T15:26:53.586Z"}
{"context":"InstanceLoader","level":"info","message":"HealthModule dependencies initialized","timestamp":"2025-07-07T15:26:53.586Z"}
{"context":"InstanceLoader","level":"info","message":"AuthModule dependencies initialized","timestamp":"2025-07-07T15:26:53.586Z"}
{"context":"InstanceLoader","level":"info","message":"ProductModule dependencies initialized","timestamp":"2025-07-07T15:26:53.586Z"}
{"context":"InstanceLoader","level":"info","message":"OrderModule dependencies initialized","timestamp":"2025-07-07T15:26:53.586Z"}
{"context":"InstanceLoader","level":"info","message":"CartModule dependencies initialized","timestamp":"2025-07-07T15:26:53.586Z"}
{"context":"InstanceLoader","level":"info","message":"VendorModule dependencies initialized","timestamp":"2025-07-07T15:26:53.586Z"}
{"context":"InstanceLoader","level":"info","message":"PaymentModule dependencies initialized","timestamp":"2025-07-07T15:26:53.586Z"}
{"context":"InstanceLoader","level":"info","message":"CategoryModule dependencies initialized","timestamp":"2025-07-07T15:26:53.586Z"}
{"context":"RoutesResolver","level":"info","message":"AuthController {/api/auth}:","timestamp":"2025-07-07T15:26:53.598Z"}
{"context":"RouterExplorer","level":"info","message":"Mapped {/api/auth/register, POST} route","timestamp":"2025-07-07T15:26:53.599Z"}
{"context":"RouterExplorer","level":"info","message":"Mapped {/api/auth/login, POST} route","timestamp":"2025-07-07T15:26:53.599Z"}
{"context":"RoutesResolver","level":"info","message":"HealthController {/api/health}:","timestamp":"2025-07-07T15:26:53.599Z"}
{"context":"RouterExplorer","level":"info","message":"Mapped {/api/health, GET} route","timestamp":"2025-07-07T15:26:53.599Z"}
{"context":"RouterExplorer","level":"info","message":"Mapped {/api/health/ready, GET} route","timestamp":"2025-07-07T15:26:53.599Z"}
{"context":"RouterExplorer","level":"info","message":"Mapped {/api/health/live, GET} route","timestamp":"2025-07-07T15:26:53.599Z"}
{"context":"RoutesResolver","level":"info","message":"TestController {/api/test}:","timestamp":"2025-07-07T15:26:53.599Z"}
{"context":"RouterExplorer","level":"info","message":"Mapped {/api/test/health, GET} route","timestamp":"2025-07-07T15:26:53.599Z"}
{"context":"RouterExplorer","level":"info","message":"Mapped {/api/test/security-headers, GET} route","timestamp":"2025-07-07T15:26:53.599Z"}
{"context":"RoutesResolver","level":"info","message":"ProductController {/api/product}:","timestamp":"2025-07-07T15:26:53.599Z"}
{"context":"RouterExplorer","level":"info","message":"Mapped {/api/product, POST} route","timestamp":"2025-07-07T15:26:53.600Z"}
{"context":"RouterExplorer","level":"info","message":"Mapped {/api/product/:id, GET} route","timestamp":"2025-07-07T15:26:53.600Z"}
{"context":"RouterExplorer","level":"info","message":"Mapped {/api/product, GET} route","timestamp":"2025-07-07T15:26:53.600Z"}
{"context":"RouterExplorer","level":"info","message":"Mapped {/api/product/:id, PUT} route","timestamp":"2025-07-07T15:26:53.600Z"}
{"context":"RouterExplorer","level":"info","message":"Mapped {/api/product/:id, DELETE} route","timestamp":"2025-07-07T15:26:53.600Z"}
{"context":"RoutesResolver","level":"info","message":"OrderController {/api/order}:","timestamp":"2025-07-07T15:26:53.600Z"}
{"context":"RouterExplorer","level":"info","message":"Mapped {/api/order, POST} route","timestamp":"2025-07-07T15:26:53.600Z"}
{"context":"RouterExplorer","level":"info","message":"Mapped {/api/order, GET} route","timestamp":"2025-07-07T15:26:53.600Z"}
{"context":"RouterExplorer","level":"info","message":"Mapped {/api/order/:id, GET} route","timestamp":"2025-07-07T15:26:53.600Z"}
{"context":"RoutesResolver","level":"info","message":"CartController {/api/cart}:","timestamp":"2025-07-07T15:26:53.600Z"}
{"context":"RouterExplorer","level":"info","message":"Mapped {/api/cart, GET} route","timestamp":"2025-07-07T15:26:53.600Z"}
{"context":"RouterExplorer","level":"info","message":"Mapped {/api/cart/add, POST} route","timestamp":"2025-07-07T15:26:53.600Z"}
{"context":"RouterExplorer","level":"info","message":"Mapped {/api/cart/update, PUT} route","timestamp":"2025-07-07T15:26:53.600Z"}
{"context":"RouterExplorer","level":"info","message":"Mapped {/api/cart/remove/:productId, DELETE} route","timestamp":"2025-07-07T15:26:53.600Z"}
{"context":"RouterExplorer","level":"info","message":"Mapped {/api/cart/clear, DELETE} route","timestamp":"2025-07-07T15:26:53.600Z"}
{"context":"RoutesResolver","level":"info","message":"VendorController {/api/vendor}:","timestamp":"2025-07-07T15:26:53.600Z"}
{"context":"RouterExplorer","level":"info","message":"Mapped {/api/vendor, POST} route","timestamp":"2025-07-07T15:26:53.600Z"}
{"context":"RouterExplorer","level":"info","message":"Mapped {/api/vendor/:id, GET} route","timestamp":"2025-07-07T15:26:53.600Z"}
{"context":"RouterExplorer","level":"info","message":"Mapped {/api/vendor, GET} route","timestamp":"2025-07-07T15:26:53.601Z"}
{"context":"RouterExplorer","level":"info","message":"Mapped {/api/vendor/:id, PUT} route","timestamp":"2025-07-07T15:26:53.601Z"}
{"context":"RoutesResolver","level":"info","message":"PaymentController {/api/payment}:","timestamp":"2025-07-07T15:26:53.601Z"}
{"context":"RouterExplorer","level":"info","message":"Mapped {/api/payment/process, POST} route","timestamp":"2025-07-07T15:26:53.601Z"}
{"context":"RouterExplorer","level":"info","message":"Mapped {/api/payment/status/:paymentId, GET} route","timestamp":"2025-07-07T15:26:53.601Z"}
{"context":"RouterExplorer","level":"info","message":"Mapped {/api/payment/refund, POST} route","timestamp":"2025-07-07T15:26:53.601Z"}
{"context":"RoutesResolver","level":"info","message":"CategoryController {/api/category}:","timestamp":"2025-07-07T15:26:53.601Z"}
{"context":"RouterExplorer","level":"info","message":"Mapped {/api/category, POST} route","timestamp":"2025-07-07T15:26:53.601Z"}
{"context":"RouterExplorer","level":"info","message":"Mapped {/api/category, GET} route","timestamp":"2025-07-07T15:26:53.601Z"}
{"context":"RouterExplorer","level":"info","message":"Mapped {/api/category/:id, GET} route","timestamp":"2025-07-07T15:26:53.601Z"}
{"context":"RouterExplorer","level":"info","message":"Mapped {/api/category/:id, PUT} route","timestamp":"2025-07-07T15:26:53.601Z"}
{"context":"RouterExplorer","level":"info","message":"Mapped {/api/category/:id, DELETE} route","timestamp":"2025-07-07T15:26:53.601Z"}
{"context":"NestApplication","level":"info","message":"Nest application successfully started","timestamp":"2025-07-07T15:26:53.609Z"}
{"level":"info","message":"🚀 Application is running on: http://localhost:3000/api","timestamp":"2025-07-07T15:26:53.610Z"}
{"level":"info","message":"📚 API Documentation is available at: http://localhost:3000/docs","timestamp":"2025-07-07T15:26:53.610Z"}
{"level":"info","message":"🔒 HTTPS is DISABLED","timestamp":"2025-07-07T15:26:53.610Z"}
{"context":"RequestLoggingMiddleware","level":"info","message":"[c1bal0bkd] GET /api/health - ::1 - curl/8.7.1 - User: anonymous","timestamp":"2025-07-07T15:27:14.406Z"}
{"context":"RequestLoggingMiddleware","level":"info","message":"[c1bal0bkd] Completed 503 in 108ms - 1348 bytes","timestamp":"2025-07-07T15:27:14.513Z"}
{"context":"RequestLoggingMiddleware","level":"info","message":"[totkwybxz] POST /api/product - ::1 - curl/8.7.1 - User: anonymous","timestamp":"2025-07-07T15:27:24.044Z"}
{"context":"RequestLoggingMiddleware","level":"info","message":"[totkwybxz] Completed 401 in 1ms - 83 bytes","timestamp":"2025-07-07T15:27:24.045Z"}
{"context":"RequestLoggingMiddleware","level":"info","message":"[appbcnlyf] GET /api/product - ::1 - curl/8.7.1 - User: anonymous","timestamp":"2025-07-07T15:27:45.560Z"}
{"context":"RequestLoggingMiddleware","level":"info","message":"[appbcnlyf] Completed 200 in 48ms - 2 bytes","timestamp":"2025-07-07T15:27:45.608Z"}
{"context":"NestFactory","level":"info","message":"Starting Nest application...","timestamp":"2025-07-07T15:28:56.487Z"}
{"context":"ModuleTokenFactory","level":"warn","message":"The module \"ClientsModule\" is taking 10.36ms to serialize, this may be caused by larger objects statically assigned to the module. More details: https://github.com/nestjs/nest/issues/12738","timestamp":"2025-07-07T15:28:56.503Z"}
{"context":"ModuleTokenFactory","level":"warn","message":"The module \"ClientsModule\" is taking 10.08ms to serialize, this may be caused by larger objects statically assigned to the module. More details: https://github.com/nestjs/nest/issues/12738","timestamp":"2025-07-07T15:28:56.534Z"}
{"context":"InstanceLoader","level":"info","message":"ClientsModule dependencies initialized","timestamp":"2025-07-07T15:28:56.551Z"}
{"context":"InstanceLoader","level":"info","message":"ClientsModule dependencies initialized","timestamp":"2025-07-07T15:28:56.551Z"}
{"context":"InstanceLoader","level":"info","message":"ClientsModule dependencies initialized","timestamp":"2025-07-07T15:28:56.551Z"}
{"context":"InstanceLoader","level":"info","message":"ClientsModule dependencies initialized","timestamp":"2025-07-07T15:28:56.551Z"}
{"context":"InstanceLoader","level":"info","message":"ClientsModule dependencies initialized","timestamp":"2025-07-07T15:28:56.551Z"}
{"context":"InstanceLoader","level":"info","message":"ClientsModule dependencies initialized","timestamp":"2025-07-07T15:28:56.551Z"}
{"context":"InstanceLoader","level":"info","message":"ClientsModule dependencies initialized","timestamp":"2025-07-07T15:28:56.551Z"}
{"context":"InstanceLoader","level":"info","message":"ClientsModule dependencies initialized","timestamp":"2025-07-07T15:28:56.551Z"}
{"context":"InstanceLoader","level":"info","message":"ThrottlerModule dependencies initialized","timestamp":"2025-07-07T15:28:56.551Z"}
{"context":"InstanceLoader","level":"info","message":"TestModule dependencies initialized","timestamp":"2025-07-07T15:28:56.551Z"}
{"context":"InstanceLoader","level":"info","message":"AppModule dependencies initialized","timestamp":"2025-07-07T15:28:56.552Z"}
{"context":"InstanceLoader","level":"info","message":"HealthModule dependencies initialized","timestamp":"2025-07-07T15:28:56.552Z"}
{"context":"InstanceLoader","level":"info","message":"AuthModule dependencies initialized","timestamp":"2025-07-07T15:28:56.552Z"}
{"context":"InstanceLoader","level":"info","message":"ProductModule dependencies initialized","timestamp":"2025-07-07T15:28:56.552Z"}
{"context":"InstanceLoader","level":"info","message":"OrderModule dependencies initialized","timestamp":"2025-07-07T15:28:56.552Z"}
{"context":"InstanceLoader","level":"info","message":"CartModule dependencies initialized","timestamp":"2025-07-07T15:28:56.552Z"}
{"context":"InstanceLoader","level":"info","message":"VendorModule dependencies initialized","timestamp":"2025-07-07T15:28:56.552Z"}
{"context":"InstanceLoader","level":"info","message":"PaymentModule dependencies initialized","timestamp":"2025-07-07T15:28:56.552Z"}
{"context":"InstanceLoader","level":"info","message":"CategoryModule dependencies initialized","timestamp":"2025-07-07T15:28:56.552Z"}
{"context":"RoutesResolver","level":"info","message":"AuthController {/api/auth}:","timestamp":"2025-07-07T15:28:56.571Z"}
{"context":"RouterExplorer","level":"info","message":"Mapped {/api/auth/register, POST} route","timestamp":"2025-07-07T15:28:56.572Z"}
{"context":"RouterExplorer","level":"info","message":"Mapped {/api/auth/login, POST} route","timestamp":"2025-07-07T15:28:56.572Z"}
{"context":"RoutesResolver","level":"info","message":"HealthController {/api/health}:","timestamp":"2025-07-07T15:28:56.572Z"}
{"context":"RouterExplorer","level":"info","message":"Mapped {/api/health, GET} route","timestamp":"2025-07-07T15:28:56.572Z"}
{"context":"RouterExplorer","level":"info","message":"Mapped {/api/health/ready, GET} route","timestamp":"2025-07-07T15:28:56.572Z"}
{"context":"RouterExplorer","level":"info","message":"Mapped {/api/health/live, GET} route","timestamp":"2025-07-07T15:28:56.572Z"}
{"context":"RoutesResolver","level":"info","message":"TestController {/api/test}:","timestamp":"2025-07-07T15:28:56.572Z"}
{"context":"RouterExplorer","level":"info","message":"Mapped {/api/test/health, GET} route","timestamp":"2025-07-07T15:28:56.572Z"}
{"context":"RouterExplorer","level":"info","message":"Mapped {/api/test/security-headers, GET} route","timestamp":"2025-07-07T15:28:56.572Z"}
{"context":"RoutesResolver","level":"info","message":"ProductController {/api/product}:","timestamp":"2025-07-07T15:28:56.572Z"}
{"context":"RouterExplorer","level":"info","message":"Mapped {/api/product, POST} route","timestamp":"2025-07-07T15:28:56.573Z"}
{"context":"RouterExplorer","level":"info","message":"Mapped {/api/product/:id, GET} route","timestamp":"2025-07-07T15:28:56.573Z"}
{"context":"RouterExplorer","level":"info","message":"Mapped {/api/product, GET} route","timestamp":"2025-07-07T15:28:56.573Z"}
{"context":"RouterExplorer","level":"info","message":"Mapped {/api/product/:id, PUT} route","timestamp":"2025-07-07T15:28:56.573Z"}
{"context":"RouterExplorer","level":"info","message":"Mapped {/api/product/:id, DELETE} route","timestamp":"2025-07-07T15:28:56.573Z"}
{"context":"RoutesResolver","level":"info","message":"OrderController {/api/order}:","timestamp":"2025-07-07T15:28:56.573Z"}
{"context":"RouterExplorer","level":"info","message":"Mapped {/api/order, POST} route","timestamp":"2025-07-07T15:28:56.573Z"}
{"context":"RouterExplorer","level":"info","message":"Mapped {/api/order, GET} route","timestamp":"2025-07-07T15:28:56.573Z"}
{"context":"RouterExplorer","level":"info","message":"Mapped {/api/order/:id, GET} route","timestamp":"2025-07-07T15:28:56.573Z"}
{"context":"RoutesResolver","level":"info","message":"CartController {/api/cart}:","timestamp":"2025-07-07T15:28:56.573Z"}
{"context":"RouterExplorer","level":"info","message":"Mapped {/api/cart, GET} route","timestamp":"2025-07-07T15:28:56.573Z"}
{"context":"RouterExplorer","level":"info","message":"Mapped {/api/cart/add, POST} route","timestamp":"2025-07-07T15:28:56.573Z"}
{"context":"RouterExplorer","level":"info","message":"Mapped {/api/cart/update, PUT} route","timestamp":"2025-07-07T15:28:56.573Z"}
{"context":"RouterExplorer","level":"info","message":"Mapped {/api/cart/remove/:productId, DELETE} route","timestamp":"2025-07-07T15:28:56.573Z"}
{"context":"RouterExplorer","level":"info","message":"Mapped {/api/cart/clear, DELETE} route","timestamp":"2025-07-07T15:28:56.573Z"}
{"context":"RoutesResolver","level":"info","message":"VendorController {/api/vendor}:","timestamp":"2025-07-07T15:28:56.573Z"}
{"context":"RouterExplorer","level":"info","message":"Mapped {/api/vendor, POST} route","timestamp":"2025-07-07T15:28:56.573Z"}
{"context":"RouterExplorer","level":"info","message":"Mapped {/api/vendor/:id, GET} route","timestamp":"2025-07-07T15:28:56.574Z"}
{"context":"RouterExplorer","level":"info","message":"Mapped {/api/vendor, GET} route","timestamp":"2025-07-07T15:28:56.574Z"}
{"context":"RouterExplorer","level":"info","message":"Mapped {/api/vendor/:id, PUT} route","timestamp":"2025-07-07T15:28:56.574Z"}
{"context":"RoutesResolver","level":"info","message":"PaymentController {/api/payment}:","timestamp":"2025-07-07T15:28:56.574Z"}
{"context":"RouterExplorer","level":"info","message":"Mapped {/api/payment/process, POST} route","timestamp":"2025-07-07T15:28:56.574Z"}
{"context":"RouterExplorer","level":"info","message":"Mapped {/api/payment/status/:paymentId, GET} route","timestamp":"2025-07-07T15:28:56.574Z"}
{"context":"RouterExplorer","level":"info","message":"Mapped {/api/payment/refund, POST} route","timestamp":"2025-07-07T15:28:56.574Z"}
{"context":"RoutesResolver","level":"info","message":"CategoryController {/api/category}:","timestamp":"2025-07-07T15:28:56.574Z"}
{"context":"RouterExplorer","level":"info","message":"Mapped {/api/category, POST} route","timestamp":"2025-07-07T15:28:56.574Z"}
{"context":"RouterExplorer","level":"info","message":"Mapped {/api/category, GET} route","timestamp":"2025-07-07T15:28:56.574Z"}
{"context":"RouterExplorer","level":"info","message":"Mapped {/api/category/:id, GET} route","timestamp":"2025-07-07T15:28:56.574Z"}
{"context":"RouterExplorer","level":"info","message":"Mapped {/api/category/:id, PUT} route","timestamp":"2025-07-07T15:28:56.574Z"}
{"context":"RouterExplorer","level":"info","message":"Mapped {/api/category/:id, DELETE} route","timestamp":"2025-07-07T15:28:56.574Z"}
{"context":"NestApplication","level":"info","message":"Nest application successfully started","timestamp":"2025-07-07T15:28:56.582Z"}
{"level":"info","message":"🚀 Application is running on: http://localhost:3000/api","timestamp":"2025-07-07T15:28:56.583Z"}
{"level":"info","message":"📚 API Documentation is available at: http://localhost:3000/docs","timestamp":"2025-07-07T15:28:56.583Z"}
{"level":"info","message":"🔒 HTTPS is DISABLED","timestamp":"2025-07-07T15:28:56.583Z"}
{"context":"RequestLoggingMiddleware","level":"info","message":"[muabaa17w] GET /api/product - ::1 - curl/8.7.1 - User: anonymous","timestamp":"2025-07-07T15:29:35.111Z"}
{"context":"RequestLoggingMiddleware","level":"info","message":"[muabaa17w] Completed 200 in 40ms - 2 bytes","timestamp":"2025-07-07T15:29:35.149Z"}
{"context":"NestFactory","level":"info","message":"Starting Nest application...","timestamp":"2025-07-07T15:30:09.916Z"}
{"context":"ModuleTokenFactory","level":"warn","message":"The module \"ClientsModule\" is taking 13.27ms to serialize, this may be caused by larger objects statically assigned to the module. More details: https://github.com/nestjs/nest/issues/12738","timestamp":"2025-07-07T15:30:09.936Z"}
{"context":"ModuleTokenFactory","level":"warn","message":"The module \"ClientsModule\" is taking 12.51ms to serialize, this may be caused by larger objects statically assigned to the module. More details: https://github.com/nestjs/nest/issues/12738","timestamp":"2025-07-07T15:30:09.970Z"}
{"context":"InstanceLoader","level":"info","message":"ClientsModule dependencies initialized","timestamp":"2025-07-07T15:30:09.988Z"}
{"context":"InstanceLoader","level":"info","message":"ClientsModule dependencies initialized","timestamp":"2025-07-07T15:30:09.988Z"}
{"context":"InstanceLoader","level":"info","message":"ClientsModule dependencies initialized","timestamp":"2025-07-07T15:30:09.988Z"}
{"context":"InstanceLoader","level":"info","message":"ClientsModule dependencies initialized","timestamp":"2025-07-07T15:30:09.988Z"}
{"context":"InstanceLoader","level":"info","message":"ClientsModule dependencies initialized","timestamp":"2025-07-07T15:30:09.988Z"}
{"context":"InstanceLoader","level":"info","message":"ClientsModule dependencies initialized","timestamp":"2025-07-07T15:30:09.989Z"}
{"context":"InstanceLoader","level":"info","message":"ClientsModule dependencies initialized","timestamp":"2025-07-07T15:30:09.989Z"}
{"context":"InstanceLoader","level":"info","message":"ClientsModule dependencies initialized","timestamp":"2025-07-07T15:30:09.989Z"}
{"context":"InstanceLoader","level":"info","message":"ThrottlerModule dependencies initialized","timestamp":"2025-07-07T15:30:09.989Z"}
{"context":"InstanceLoader","level":"info","message":"TestModule dependencies initialized","timestamp":"2025-07-07T15:30:09.989Z"}
{"context":"InstanceLoader","level":"info","message":"AppModule dependencies initialized","timestamp":"2025-07-07T15:30:09.989Z"}
{"context":"InstanceLoader","level":"info","message":"HealthModule dependencies initialized","timestamp":"2025-07-07T15:30:09.989Z"}
{"context":"InstanceLoader","level":"info","message":"AuthModule dependencies initialized","timestamp":"2025-07-07T15:30:09.989Z"}
{"context":"InstanceLoader","level":"info","message":"ProductModule dependencies initialized","timestamp":"2025-07-07T15:30:09.989Z"}
{"context":"InstanceLoader","level":"info","message":"OrderModule dependencies initialized","timestamp":"2025-07-07T15:30:09.989Z"}
{"context":"InstanceLoader","level":"info","message":"CartModule dependencies initialized","timestamp":"2025-07-07T15:30:09.989Z"}
{"context":"InstanceLoader","level":"info","message":"VendorModule dependencies initialized","timestamp":"2025-07-07T15:30:09.989Z"}
{"context":"InstanceLoader","level":"info","message":"PaymentModule dependencies initialized","timestamp":"2025-07-07T15:30:09.989Z"}
{"context":"InstanceLoader","level":"info","message":"CategoryModule dependencies initialized","timestamp":"2025-07-07T15:30:09.989Z"}
{"context":"RoutesResolver","level":"info","message":"AuthController {/api/auth}:","timestamp":"2025-07-07T15:30:10.008Z"}
{"context":"RouterExplorer","level":"info","message":"Mapped {/api/auth/register, POST} route","timestamp":"2025-07-07T15:30:10.008Z"}
{"context":"RouterExplorer","level":"info","message":"Mapped {/api/auth/login, POST} route","timestamp":"2025-07-07T15:30:10.008Z"}
{"context":"RoutesResolver","level":"info","message":"HealthController {/api/health}:","timestamp":"2025-07-07T15:30:10.008Z"}
{"context":"RouterExplorer","level":"info","message":"Mapped {/api/health, GET} route","timestamp":"2025-07-07T15:30:10.009Z"}
{"context":"RouterExplorer","level":"info","message":"Mapped {/api/health/ready, GET} route","timestamp":"2025-07-07T15:30:10.009Z"}
{"context":"RouterExplorer","level":"info","message":"Mapped {/api/health/live, GET} route","timestamp":"2025-07-07T15:30:10.009Z"}
{"context":"RoutesResolver","level":"info","message":"TestController {/api/test}:","timestamp":"2025-07-07T15:30:10.009Z"}
{"context":"RouterExplorer","level":"info","message":"Mapped {/api/test/health, GET} route","timestamp":"2025-07-07T15:30:10.009Z"}
{"context":"RouterExplorer","level":"info","message":"Mapped {/api/test/security-headers, GET} route","timestamp":"2025-07-07T15:30:10.009Z"}
{"context":"RoutesResolver","level":"info","message":"ProductController {/api/product}:","timestamp":"2025-07-07T15:30:10.009Z"}
{"context":"RouterExplorer","level":"info","message":"Mapped {/api/product, POST} route","timestamp":"2025-07-07T15:30:10.009Z"}
{"context":"RouterExplorer","level":"info","message":"Mapped {/api/product/:id, GET} route","timestamp":"2025-07-07T15:30:10.009Z"}
{"context":"RouterExplorer","level":"info","message":"Mapped {/api/product, GET} route","timestamp":"2025-07-07T15:30:10.009Z"}
{"context":"RouterExplorer","level":"info","message":"Mapped {/api/product/:id, PUT} route","timestamp":"2025-07-07T15:30:10.009Z"}
{"context":"RouterExplorer","level":"info","message":"Mapped {/api/product/:id, DELETE} route","timestamp":"2025-07-07T15:30:10.010Z"}
{"context":"RoutesResolver","level":"info","message":"OrderController {/api/order}:","timestamp":"2025-07-07T15:30:10.010Z"}
{"context":"RouterExplorer","level":"info","message":"Mapped {/api/order, POST} route","timestamp":"2025-07-07T15:30:10.010Z"}
{"context":"RouterExplorer","level":"info","message":"Mapped {/api/order, GET} route","timestamp":"2025-07-07T15:30:10.010Z"}
{"context":"RouterExplorer","level":"info","message":"Mapped {/api/order/:id, GET} route","timestamp":"2025-07-07T15:30:10.010Z"}
{"context":"RoutesResolver","level":"info","message":"CartController {/api/cart}:","timestamp":"2025-07-07T15:30:10.010Z"}
{"context":"RouterExplorer","level":"info","message":"Mapped {/api/cart, GET} route","timestamp":"2025-07-07T15:30:10.010Z"}
{"context":"RouterExplorer","level":"info","message":"Mapped {/api/cart/add, POST} route","timestamp":"2025-07-07T15:30:10.010Z"}
{"context":"RouterExplorer","level":"info","message":"Mapped {/api/cart/update, PUT} route","timestamp":"2025-07-07T15:30:10.010Z"}
{"context":"RouterExplorer","level":"info","message":"Mapped {/api/cart/remove/:productId, DELETE} route","timestamp":"2025-07-07T15:30:10.010Z"}
{"context":"RouterExplorer","level":"info","message":"Mapped {/api/cart/clear, DELETE} route","timestamp":"2025-07-07T15:30:10.010Z"}
{"context":"RoutesResolver","level":"info","message":"VendorController {/api/vendor}:","timestamp":"2025-07-07T15:30:10.010Z"}
{"context":"RouterExplorer","level":"info","message":"Mapped {/api/vendor, POST} route","timestamp":"2025-07-07T15:30:10.010Z"}
{"context":"RouterExplorer","level":"info","message":"Mapped {/api/vendor/:id, GET} route","timestamp":"2025-07-07T15:30:10.010Z"}
{"context":"RouterExplorer","level":"info","message":"Mapped {/api/vendor, GET} route","timestamp":"2025-07-07T15:30:10.011Z"}
{"context":"RouterExplorer","level":"info","message":"Mapped {/api/vendor/:id, PUT} route","timestamp":"2025-07-07T15:30:10.011Z"}
{"context":"RoutesResolver","level":"info","message":"PaymentController {/api/payment}:","timestamp":"2025-07-07T15:30:10.011Z"}
{"context":"RouterExplorer","level":"info","message":"Mapped {/api/payment/process, POST} route","timestamp":"2025-07-07T15:30:10.011Z"}
{"context":"RouterExplorer","level":"info","message":"Mapped {/api/payment/status/:paymentId, GET} route","timestamp":"2025-07-07T15:30:10.011Z"}
{"context":"RouterExplorer","level":"info","message":"Mapped {/api/payment/refund, POST} route","timestamp":"2025-07-07T15:30:10.011Z"}
{"context":"RoutesResolver","level":"info","message":"CategoryController {/api/category}:","timestamp":"2025-07-07T15:30:10.011Z"}
{"context":"RouterExplorer","level":"info","message":"Mapped {/api/category, POST} route","timestamp":"2025-07-07T15:30:10.011Z"}
{"context":"RouterExplorer","level":"info","message":"Mapped {/api/category, GET} route","timestamp":"2025-07-07T15:30:10.011Z"}
{"context":"RouterExplorer","level":"info","message":"Mapped {/api/category/:id, GET} route","timestamp":"2025-07-07T15:30:10.011Z"}
{"context":"RouterExplorer","level":"info","message":"Mapped {/api/category/:id, PUT} route","timestamp":"2025-07-07T15:30:10.011Z"}
{"context":"RouterExplorer","level":"info","message":"Mapped {/api/category/:id, DELETE} route","timestamp":"2025-07-07T15:30:10.011Z"}
{"context":"NestApplication","level":"info","message":"Nest application successfully started","timestamp":"2025-07-07T15:30:10.019Z"}
{"level":"info","message":"🚀 Application is running on: http://localhost:3000/api","timestamp":"2025-07-07T15:30:10.021Z"}
{"level":"info","message":"📚 API Documentation is available at: http://localhost:3000/docs","timestamp":"2025-07-07T15:30:10.021Z"}
{"level":"info","message":"🔒 HTTPS is DISABLED","timestamp":"2025-07-07T15:30:10.021Z"}
{"context":"NestFactory","level":"info","message":"Starting Nest application...","timestamp":"2025-07-07T15:30:09.916Z"}
{"context":"ModuleTokenFactory","level":"warn","message":"The module \"ClientsModule\" is taking 12.90ms to serialize, this may be caused by larger objects statically assigned to the module. More details: https://github.com/nestjs/nest/issues/12738","timestamp":"2025-07-07T15:30:09.936Z"}
{"context":"ModuleTokenFactory","level":"warn","message":"The module \"ClientsModule\" is taking 12.48ms to serialize, this may be caused by larger objects statically assigned to the module. More details: https://github.com/nestjs/nest/issues/12738","timestamp":"2025-07-07T15:30:09.969Z"}
{"context":"InstanceLoader","level":"info","message":"ClientsModule dependencies initialized","timestamp":"2025-07-07T15:30:09.988Z"}
{"context":"InstanceLoader","level":"info","message":"ClientsModule dependencies initialized","timestamp":"2025-07-07T15:30:09.988Z"}
{"context":"InstanceLoader","level":"info","message":"ClientsModule dependencies initialized","timestamp":"2025-07-07T15:30:09.988Z"}
{"context":"InstanceLoader","level":"info","message":"ClientsModule dependencies initialized","timestamp":"2025-07-07T15:30:09.988Z"}
{"context":"InstanceLoader","level":"info","message":"ClientsModule dependencies initialized","timestamp":"2025-07-07T15:30:09.988Z"}
{"context":"InstanceLoader","level":"info","message":"ClientsModule dependencies initialized","timestamp":"2025-07-07T15:30:09.988Z"}
{"context":"InstanceLoader","level":"info","message":"ClientsModule dependencies initialized","timestamp":"2025-07-07T15:30:09.988Z"}
{"context":"InstanceLoader","level":"info","message":"ClientsModule dependencies initialized","timestamp":"2025-07-07T15:30:09.988Z"}
{"context":"InstanceLoader","level":"info","message":"ThrottlerModule dependencies initialized","timestamp":"2025-07-07T15:30:09.988Z"}
{"context":"InstanceLoader","level":"info","message":"TestModule dependencies initialized","timestamp":"2025-07-07T15:30:09.988Z"}
{"context":"InstanceLoader","level":"info","message":"AppModule dependencies initialized","timestamp":"2025-07-07T15:30:09.989Z"}
{"context":"InstanceLoader","level":"info","message":"HealthModule dependencies initialized","timestamp":"2025-07-07T15:30:09.989Z"}
{"context":"InstanceLoader","level":"info","message":"AuthModule dependencies initialized","timestamp":"2025-07-07T15:30:09.989Z"}
{"context":"InstanceLoader","level":"info","message":"ProductModule dependencies initialized","timestamp":"2025-07-07T15:30:09.989Z"}
{"context":"InstanceLoader","level":"info","message":"OrderModule dependencies initialized","timestamp":"2025-07-07T15:30:09.989Z"}
{"context":"InstanceLoader","level":"info","message":"CartModule dependencies initialized","timestamp":"2025-07-07T15:30:09.989Z"}
{"context":"InstanceLoader","level":"info","message":"VendorModule dependencies initialized","timestamp":"2025-07-07T15:30:09.989Z"}
{"context":"InstanceLoader","level":"info","message":"PaymentModule dependencies initialized","timestamp":"2025-07-07T15:30:09.989Z"}
{"context":"InstanceLoader","level":"info","message":"CategoryModule dependencies initialized","timestamp":"2025-07-07T15:30:09.989Z"}
{"context":"RoutesResolver","level":"info","message":"AuthController {/api/auth}:","timestamp":"2025-07-07T15:30:10.007Z"}
{"context":"RouterExplorer","level":"info","message":"Mapped {/api/auth/register, POST} route","timestamp":"2025-07-07T15:30:10.008Z"}
{"context":"RouterExplorer","level":"info","message":"Mapped {/api/auth/login, POST} route","timestamp":"2025-07-07T15:30:10.008Z"}
{"context":"RoutesResolver","level":"info","message":"HealthController {/api/health}:","timestamp":"2025-07-07T15:30:10.008Z"}
{"context":"RouterExplorer","level":"info","message":"Mapped {/api/health, GET} route","timestamp":"2025-07-07T15:30:10.008Z"}
{"context":"RouterExplorer","level":"info","message":"Mapped {/api/health/ready, GET} route","timestamp":"2025-07-07T15:30:10.009Z"}
{"context":"RouterExplorer","level":"info","message":"Mapped {/api/health/live, GET} route","timestamp":"2025-07-07T15:30:10.009Z"}
{"context":"RoutesResolver","level":"info","message":"TestController {/api/test}:","timestamp":"2025-07-07T15:30:10.009Z"}
{"context":"RouterExplorer","level":"info","message":"Mapped {/api/test/health, GET} route","timestamp":"2025-07-07T15:30:10.009Z"}
{"context":"RouterExplorer","level":"info","message":"Mapped {/api/test/security-headers, GET} route","timestamp":"2025-07-07T15:30:10.009Z"}
{"context":"RoutesResolver","level":"info","message":"ProductController {/api/product}:","timestamp":"2025-07-07T15:30:10.009Z"}
{"context":"RouterExplorer","level":"info","message":"Mapped {/api/product, POST} route","timestamp":"2025-07-07T15:30:10.009Z"}
{"context":"RouterExplorer","level":"info","message":"Mapped {/api/product/:id, GET} route","timestamp":"2025-07-07T15:30:10.009Z"}
{"context":"RouterExplorer","level":"info","message":"Mapped {/api/product, GET} route","timestamp":"2025-07-07T15:30:10.009Z"}
{"context":"RouterExplorer","level":"info","message":"Mapped {/api/product/:id, PUT} route","timestamp":"2025-07-07T15:30:10.009Z"}
{"context":"RouterExplorer","level":"info","message":"Mapped {/api/product/:id, DELETE} route","timestamp":"2025-07-07T15:30:10.009Z"}
{"context":"RoutesResolver","level":"info","message":"OrderController {/api/order}:","timestamp":"2025-07-07T15:30:10.009Z"}
{"context":"RouterExplorer","level":"info","message":"Mapped {/api/order, POST} route","timestamp":"2025-07-07T15:30:10.010Z"}
{"context":"RouterExplorer","level":"info","message":"Mapped {/api/order, GET} route","timestamp":"2025-07-07T15:30:10.010Z"}
{"context":"RouterExplorer","level":"info","message":"Mapped {/api/order/:id, GET} route","timestamp":"2025-07-07T15:30:10.010Z"}
{"context":"RoutesResolver","level":"info","message":"CartController {/api/cart}:","timestamp":"2025-07-07T15:30:10.010Z"}
{"context":"RouterExplorer","level":"info","message":"Mapped {/api/cart, GET} route","timestamp":"2025-07-07T15:30:10.010Z"}
{"context":"RouterExplorer","level":"info","message":"Mapped {/api/cart/add, POST} route","timestamp":"2025-07-07T15:30:10.010Z"}
{"context":"RouterExplorer","level":"info","message":"Mapped {/api/cart/update, PUT} route","timestamp":"2025-07-07T15:30:10.010Z"}
{"context":"RouterExplorer","level":"info","message":"Mapped {/api/cart/remove/:productId, DELETE} route","timestamp":"2025-07-07T15:30:10.010Z"}
{"context":"RouterExplorer","level":"info","message":"Mapped {/api/cart/clear, DELETE} route","timestamp":"2025-07-07T15:30:10.010Z"}
{"context":"RoutesResolver","level":"info","message":"VendorController {/api/vendor}:","timestamp":"2025-07-07T15:30:10.010Z"}
{"context":"RouterExplorer","level":"info","message":"Mapped {/api/vendor, POST} route","timestamp":"2025-07-07T15:30:10.010Z"}
{"context":"RouterExplorer","level":"info","message":"Mapped {/api/vendor/:id, GET} route","timestamp":"2025-07-07T15:30:10.010Z"}
{"context":"RouterExplorer","level":"info","message":"Mapped {/api/vendor, GET} route","timestamp":"2025-07-07T15:30:10.010Z"}
{"context":"RouterExplorer","level":"info","message":"Mapped {/api/vendor/:id, PUT} route","timestamp":"2025-07-07T15:30:10.010Z"}
{"context":"RoutesResolver","level":"info","message":"PaymentController {/api/payment}:","timestamp":"2025-07-07T15:30:10.010Z"}
{"context":"RouterExplorer","level":"info","message":"Mapped {/api/payment/process, POST} route","timestamp":"2025-07-07T15:30:10.010Z"}
{"context":"RouterExplorer","level":"info","message":"Mapped {/api/payment/status/:paymentId, GET} route","timestamp":"2025-07-07T15:30:10.010Z"}
{"context":"RouterExplorer","level":"info","message":"Mapped {/api/payment/refund, POST} route","timestamp":"2025-07-07T15:30:10.010Z"}
{"context":"RoutesResolver","level":"info","message":"CategoryController {/api/category}:","timestamp":"2025-07-07T15:30:10.010Z"}
{"context":"RouterExplorer","level":"info","message":"Mapped {/api/category, POST} route","timestamp":"2025-07-07T15:30:10.010Z"}
{"context":"RouterExplorer","level":"info","message":"Mapped {/api/category, GET} route","timestamp":"2025-07-07T15:30:10.010Z"}
{"context":"RouterExplorer","level":"info","message":"Mapped {/api/category/:id, GET} route","timestamp":"2025-07-07T15:30:10.010Z"}
{"context":"RouterExplorer","level":"info","message":"Mapped {/api/category/:id, PUT} route","timestamp":"2025-07-07T15:30:10.010Z"}
{"context":"RouterExplorer","level":"info","message":"Mapped {/api/category/:id, DELETE} route","timestamp":"2025-07-07T15:30:10.011Z"}
{"context":"NestApplication","level":"info","message":"Nest application successfully started","timestamp":"2025-07-07T15:30:10.019Z"}
{"context":"NestApplication","level":"error","message":"Error: listen EADDRINUSE: address already in use :::3000","stack":[null],"timestamp":"2025-07-07T15:30:10.020Z"}
{"date":"Mon Jul 07 2025 20:30:10 GMT+0500 (Узбекистан, стандартное время)","error":{"address":"::","code":"EADDRINUSE","errno":-48,"port":3000,"syscall":"listen"},"level":"error","message":"unhandledRejection: listen EADDRINUSE: address already in use :::3000\nError: listen EADDRINUSE: address already in use :::3000\n    at Server.setupListenHandle [as _listen2] (node:net:1940:16)\n    at listenInCluster (node:net:1997:12)\n    at Server.listen (node:net:2102:7)\n    at ExpressAdapter.listen (/Users/sherzod/my_projects/Decorify/Decorify/node_modules/@nestjs/platform-express/adapters/express-adapter.js:95:32)\n    at /Users/sherzod/my_projects/Decorify/Decorify/node_modules/@nestjs/core/nest-application.js:183:30\n    at new Promise (<anonymous>)\n    at NestApplication.listen (/Users/sherzod/my_projects/Decorify/Decorify/node_modules/@nestjs/core/nest-application.js:173:16)\n    at bootstrap (/Users/sherzod/my_projects/Decorify/Decorify/dist/apps/api-gateway/main.js:4485:5)","os":{"loadavg":[2.87841796875,2.80908203125,3.9765625],"uptime":1338488},"process":{"argv":["/opt/homebrew/Cellar/node/24.2.0/bin/node","/Users/sherzod/my_projects/Decorify/Decorify/node_modules/@nx/js/src/executors/node/node-with-require-overrides"],"cwd":"/Users/sherzod/my_projects/Decorify/Decorify","execPath":"/opt/homebrew/Cellar/node/24.2.0/bin/node","gid":20,"memoryUsage":{"arrayBuffers":101175,"external":2833934,"heapTotal":105775104,"heapUsed":52569920,"rss":173162496},"pid":98938,"uid":501,"version":"v24.2.0"},"rejection":true,"stack":"Error: listen EADDRINUSE: address already in use :::3000\n    at Server.setupListenHandle [as _listen2] (node:net:1940:16)\n    at listenInCluster (node:net:1997:12)\n    at Server.listen (node:net:2102:7)\n    at ExpressAdapter.listen (/Users/sherzod/my_projects/Decorify/Decorify/node_modules/@nestjs/platform-express/adapters/express-adapter.js:95:32)\n    at /Users/sherzod/my_projects/Decorify/Decorify/node_modules/@nestjs/core/nest-application.js:183:30\n    at new Promise (<anonymous>)\n    at NestApplication.listen (/Users/sherzod/my_projects/Decorify/Decorify/node_modules/@nestjs/core/nest-application.js:173:16)\n    at bootstrap (/Users/sherzod/my_projects/Decorify/Decorify/dist/apps/api-gateway/main.js:4485:5)","timestamp":"2025-07-07T15:30:10.022Z","trace":[{"column":16,"file":"node:net","function":"Server.setupListenHandle [as _listen2]","line":1940,"method":"setupListenHandle [as _listen2]","native":false},{"column":12,"file":"node:net","function":"listenInCluster","line":1997,"method":null,"native":false},{"column":7,"file":"node:net","function":"Server.listen","line":2102,"method":"listen","native":false},{"column":32,"file":"/Users/sherzod/my_projects/Decorify/Decorify/node_modules/@nestjs/platform-express/adapters/express-adapter.js","function":"ExpressAdapter.listen","line":95,"method":"listen","native":false},{"column":30,"file":"/Users/sherzod/my_projects/Decorify/Decorify/node_modules/@nestjs/core/nest-application.js","function":null,"line":183,"method":null,"native":false},{"column":null,"file":null,"function":"new Promise","line":null,"method":null,"native":false},{"column":16,"file":"/Users/sherzod/my_projects/Decorify/Decorify/node_modules/@nestjs/core/nest-application.js","function":"NestApplication.listen","line":173,"method":"listen","native":false},{"column":5,"file":"/Users/sherzod/my_projects/Decorify/Decorify/dist/apps/api-gateway/main.js","function":"bootstrap","line":4485,"method":null,"native":false}]}
{"context":"NestFactory","level":"info","message":"Starting Nest application...","timestamp":"2025-07-07T15:30:44.088Z"}
{"context":"ModuleTokenFactory","level":"warn","message":"The module \"ClientsModule\" is taking 11.32ms to serialize, this may be caused by larger objects statically assigned to the module. More details: https://github.com/nestjs/nest/issues/12738","timestamp":"2025-07-07T15:30:44.105Z"}
{"context":"ModuleTokenFactory","level":"warn","message":"The module \"ClientsModule\" is taking 13.47ms to serialize, this may be caused by larger objects statically assigned to the module. More details: https://github.com/nestjs/nest/issues/12738","timestamp":"2025-07-07T15:30:44.140Z"}
{"context":"InstanceLoader","level":"info","message":"ClientsModule dependencies initialized","timestamp":"2025-07-07T15:30:44.157Z"}
{"context":"InstanceLoader","level":"info","message":"ClientsModule dependencies initialized","timestamp":"2025-07-07T15:30:44.157Z"}
{"context":"InstanceLoader","level":"info","message":"ClientsModule dependencies initialized","timestamp":"2025-07-07T15:30:44.157Z"}
{"context":"InstanceLoader","level":"info","message":"ClientsModule dependencies initialized","timestamp":"2025-07-07T15:30:44.157Z"}
{"context":"InstanceLoader","level":"info","message":"ClientsModule dependencies initialized","timestamp":"2025-07-07T15:30:44.157Z"}
{"context":"InstanceLoader","level":"info","message":"ClientsModule dependencies initialized","timestamp":"2025-07-07T15:30:44.157Z"}
{"context":"InstanceLoader","level":"info","message":"ClientsModule dependencies initialized","timestamp":"2025-07-07T15:30:44.157Z"}
{"context":"InstanceLoader","level":"info","message":"ClientsModule dependencies initialized","timestamp":"2025-07-07T15:30:44.157Z"}
{"context":"InstanceLoader","level":"info","message":"ThrottlerModule dependencies initialized","timestamp":"2025-07-07T15:30:44.157Z"}
{"context":"InstanceLoader","level":"info","message":"TestModule dependencies initialized","timestamp":"2025-07-07T15:30:44.157Z"}
{"context":"InstanceLoader","level":"info","message":"AppModule dependencies initialized","timestamp":"2025-07-07T15:30:44.157Z"}
{"context":"InstanceLoader","level":"info","message":"HealthModule dependencies initialized","timestamp":"2025-07-07T15:30:44.158Z"}
{"context":"InstanceLoader","level":"info","message":"AuthModule dependencies initialized","timestamp":"2025-07-07T15:30:44.158Z"}
{"context":"InstanceLoader","level":"info","message":"ProductModule dependencies initialized","timestamp":"2025-07-07T15:30:44.158Z"}
{"context":"InstanceLoader","level":"info","message":"OrderModule dependencies initialized","timestamp":"2025-07-07T15:30:44.158Z"}
{"context":"InstanceLoader","level":"info","message":"CartModule dependencies initialized","timestamp":"2025-07-07T15:30:44.158Z"}
{"context":"InstanceLoader","level":"info","message":"VendorModule dependencies initialized","timestamp":"2025-07-07T15:30:44.158Z"}
{"context":"InstanceLoader","level":"info","message":"PaymentModule dependencies initialized","timestamp":"2025-07-07T15:30:44.158Z"}
{"context":"InstanceLoader","level":"info","message":"CategoryModule dependencies initialized","timestamp":"2025-07-07T15:30:44.158Z"}
{"context":"RoutesResolver","level":"info","message":"AuthController {/api/auth}:","timestamp":"2025-07-07T15:30:44.171Z"}
{"context":"RouterExplorer","level":"info","message":"Mapped {/api/auth/register, POST} route","timestamp":"2025-07-07T15:30:44.172Z"}
{"context":"RouterExplorer","level":"info","message":"Mapped {/api/auth/login, POST} route","timestamp":"2025-07-07T15:30:44.172Z"}
{"context":"RoutesResolver","level":"info","message":"HealthController {/api/health}:","timestamp":"2025-07-07T15:30:44.172Z"}
{"context":"RouterExplorer","level":"info","message":"Mapped {/api/health, GET} route","timestamp":"2025-07-07T15:30:44.172Z"}
{"context":"RouterExplorer","level":"info","message":"Mapped {/api/health/ready, GET} route","timestamp":"2025-07-07T15:30:44.172Z"}
{"context":"RouterExplorer","level":"info","message":"Mapped {/api/health/live, GET} route","timestamp":"2025-07-07T15:30:44.172Z"}
{"context":"RoutesResolver","level":"info","message":"TestController {/api/test}:","timestamp":"2025-07-07T15:30:44.172Z"}
{"context":"RouterExplorer","level":"info","message":"Mapped {/api/test/health, GET} route","timestamp":"2025-07-07T15:30:44.172Z"}
{"context":"RouterExplorer","level":"info","message":"Mapped {/api/test/security-headers, GET} route","timestamp":"2025-07-07T15:30:44.172Z"}
{"context":"RoutesResolver","level":"info","message":"ProductController {/api/product}:","timestamp":"2025-07-07T15:30:44.172Z"}
{"context":"RouterExplorer","level":"info","message":"Mapped {/api/product, POST} route","timestamp":"2025-07-07T15:30:44.172Z"}
{"context":"RouterExplorer","level":"info","message":"Mapped {/api/product/:id, GET} route","timestamp":"2025-07-07T15:30:44.172Z"}
{"context":"RouterExplorer","level":"info","message":"Mapped {/api/product, GET} route","timestamp":"2025-07-07T15:30:44.172Z"}
{"context":"RouterExplorer","level":"info","message":"Mapped {/api/product/:id, PUT} route","timestamp":"2025-07-07T15:30:44.173Z"}
{"context":"RouterExplorer","level":"info","message":"Mapped {/api/product/:id, DELETE} route","timestamp":"2025-07-07T15:30:44.173Z"}
{"context":"RoutesResolver","level":"info","message":"OrderController {/api/order}:","timestamp":"2025-07-07T15:30:44.173Z"}
{"context":"RouterExplorer","level":"info","message":"Mapped {/api/order, POST} route","timestamp":"2025-07-07T15:30:44.173Z"}
{"context":"RouterExplorer","level":"info","message":"Mapped {/api/order, GET} route","timestamp":"2025-07-07T15:30:44.173Z"}
{"context":"RouterExplorer","level":"info","message":"Mapped {/api/order/:id, GET} route","timestamp":"2025-07-07T15:30:44.173Z"}
{"context":"RoutesResolver","level":"info","message":"CartController {/api/cart}:","timestamp":"2025-07-07T15:30:44.173Z"}
{"context":"RouterExplorer","level":"info","message":"Mapped {/api/cart, GET} route","timestamp":"2025-07-07T15:30:44.173Z"}
{"context":"RouterExplorer","level":"info","message":"Mapped {/api/cart/add, POST} route","timestamp":"2025-07-07T15:30:44.173Z"}
{"context":"RouterExplorer","level":"info","message":"Mapped {/api/cart/update, PUT} route","timestamp":"2025-07-07T15:30:44.173Z"}
{"context":"RouterExplorer","level":"info","message":"Mapped {/api/cart/remove/:productId, DELETE} route","timestamp":"2025-07-07T15:30:44.173Z"}
{"context":"RouterExplorer","level":"info","message":"Mapped {/api/cart/clear, DELETE} route","timestamp":"2025-07-07T15:30:44.173Z"}
{"context":"RoutesResolver","level":"info","message":"VendorController {/api/vendor}:","timestamp":"2025-07-07T15:30:44.173Z"}
{"context":"RouterExplorer","level":"info","message":"Mapped {/api/vendor, POST} route","timestamp":"2025-07-07T15:30:44.173Z"}
{"context":"RouterExplorer","level":"info","message":"Mapped {/api/vendor/:id, GET} route","timestamp":"2025-07-07T15:30:44.173Z"}
{"context":"RouterExplorer","level":"info","message":"Mapped {/api/vendor, GET} route","timestamp":"2025-07-07T15:30:44.173Z"}
{"context":"RouterExplorer","level":"info","message":"Mapped {/api/vendor/:id, PUT} route","timestamp":"2025-07-07T15:30:44.173Z"}
{"context":"RoutesResolver","level":"info","message":"PaymentController {/api/payment}:","timestamp":"2025-07-07T15:30:44.173Z"}
{"context":"RouterExplorer","level":"info","message":"Mapped {/api/payment/process, POST} route","timestamp":"2025-07-07T15:30:44.173Z"}
{"context":"RouterExplorer","level":"info","message":"Mapped {/api/payment/status/:paymentId, GET} route","timestamp":"2025-07-07T15:30:44.173Z"}
{"context":"RouterExplorer","level":"info","message":"Mapped {/api/payment/refund, POST} route","timestamp":"2025-07-07T15:30:44.173Z"}
{"context":"RoutesResolver","level":"info","message":"CategoryController {/api/category}:","timestamp":"2025-07-07T15:30:44.173Z"}
{"context":"RouterExplorer","level":"info","message":"Mapped {/api/category, POST} route","timestamp":"2025-07-07T15:30:44.174Z"}
{"context":"RouterExplorer","level":"info","message":"Mapped {/api/category, GET} route","timestamp":"2025-07-07T15:30:44.174Z"}
{"context":"RouterExplorer","level":"info","message":"Mapped {/api/category/:id, GET} route","timestamp":"2025-07-07T15:30:44.174Z"}
{"context":"RouterExplorer","level":"info","message":"Mapped {/api/category/:id, PUT} route","timestamp":"2025-07-07T15:30:44.174Z"}
{"context":"RouterExplorer","level":"info","message":"Mapped {/api/category/:id, DELETE} route","timestamp":"2025-07-07T15:30:44.174Z"}
{"context":"NestApplication","level":"info","message":"Nest application successfully started","timestamp":"2025-07-07T15:30:44.183Z"}
{"level":"info","message":"🚀 Application is running on: http://localhost:3000/api","timestamp":"2025-07-07T15:30:44.184Z"}
{"level":"info","message":"📚 API Documentation is available at: http://localhost:3000/docs","timestamp":"2025-07-07T15:30:44.184Z"}
{"level":"info","message":"🔒 HTTPS is DISABLED","timestamp":"2025-07-07T15:30:44.184Z"}
